"phylum","class","order","family","genus","species","rows_all","speciesID_accepted"
"Tracheophyta","Liliopsida","Arecales","Arecaceae","Aiphanes","Aiphanes horrida",1370,2738639
"Tracheophyta","Liliopsida","Arecales","Arecaceae","Archontophoenix","Archontophoenix alexandrae",788,2732609
"Tracheophyta","Liliopsida","Arecales","Arecaceae","Archontophoenix","Archontophoenix cunninghamiana",5746,2732621
"Tracheophyta","Liliopsida","Arecales","Arecaceae","Areca","Areca triandra",484,2736565
"Tracheophyta","Liliopsida","Arecales","Arecaceae","Arenga","Arenga pinnata",555,2733997
"Tracheophyta","Liliopsida","Arecales","Arecaceae","Caryota","Caryota mitis",1808,2738902
"Tracheophyta","Liliopsida","Arecales","Arecaceae","Caryota","Caryota urens",3408,2738914
"Tracheophyta","Liliopsida","Arecales","Arecaceae","Cocos","Cocos nucifera",35175,2735117
"Tracheophyta","Liliopsida","Arecales","Arecaceae","Dypsis","Dypsis madagascariensis",506,12236061
"Tracheophyta","Liliopsida","Arecales","Arecaceae","Elaeis","Elaeis guineensis",8926,2731882
"Tracheophyta","Liliopsida","Arecales","Arecaceae","Euterpe","Euterpe oleracea",8188,5293398
"Tracheophyta","Liliopsida","Arecales","Arecaceae","Heterospathe","Heterospathe elata",194,2735535
"Tracheophyta","Liliopsida","Arecales","Arecaceae","Livistona","Livistona chinensis",1498,2733469
"Tracheophyta","Liliopsida","Arecales","Arecaceae","Nypa","Nypa fruticans",1447,2738422
"Tracheophyta","Liliopsida","Arecales","Arecaceae","Phoenix","Phoenix canariensis",8011,7445284
"Tracheophyta","Liliopsida","Arecales","Arecaceae","Phoenix","Phoenix dactylifera",6611,6109699
"Tracheophyta","Liliopsida","Arecales","Arecaceae","Pinanga","Pinanga coronata",389,2739494
"Tracheophyta","Liliopsida","Arecales","Arecaceae","Ptychosperma","Ptychosperma macarthurii",557,2733897
"Tracheophyta","Liliopsida","Arecales","Arecaceae","Roystonea","Roystonea oleracea",500,2733738
"Tracheophyta","Liliopsida","Arecales","Arecaceae","Roystonea","Roystonea regia",1793,2733755
"Tracheophyta","Liliopsida","Arecales","Arecaceae","Saribus","Saribus rotundifolius",307,2733431
"Tracheophyta","Liliopsida","Arecales","Arecaceae","Syagrus","Syagrus romanzoffiana",4792,5293897
"Tracheophyta","Liliopsida","Arecales","Arecaceae","Trachycarpus","Trachycarpus fortunei",10145,2739071
"Tracheophyta","Liliopsida","Arecales","Arecaceae","Washingtonia","Washingtonia filifera",4398,5294589
"Tracheophyta","Liliopsida","Arecales","Arecaceae","Washingtonia","Washingtonia robusta",4847,5294595
"Tracheophyta","Liliopsida","Zingiberales","Strelitziaceae","Ravenala","Ravenala madagascariensis",719,2763095
"Tracheophyta","Magnoliopsida","Apiales","Araliaceae","Aralia","Aralia elata",10744,3036892
"Tracheophyta","Magnoliopsida","Apiales","Araliaceae","Heptapleurum","Heptapleurum actinophyllum",6221,11008739
"Tracheophyta","Magnoliopsida","Apiales","Araliaceae","Schefflera","Schefflera arboricola",271,8322892
"Tracheophyta","Magnoliopsida","Apiales","Araliaceae","Tetrapanax","Tetrapanax papyrifer",3051,3035275
"Tracheophyta","Magnoliopsida","Apiales","Pittosporaceae","Billardiera","Billardiera heterophylla",2654,5680555
"Tracheophyta","Magnoliopsida","Apiales","Pittosporaceae","Pittosporum","Pittosporum pentandrum",1434,2986294
"Tracheophyta","Magnoliopsida","Apiales","Pittosporaceae","Pittosporum","Pittosporum tobira",115404,8677924
"Tracheophyta","Magnoliopsida","Apiales","Pittosporaceae","Pittosporum","Pittosporum undulatum",40516,2986239
"Tracheophyta","Magnoliopsida","Aquifoliales","Aquifoliaceae","Ilex","Ilex aquifolium",548434,5414222
"Tracheophyta","Magnoliopsida","Asterales","Asteraceae","Baccharis","Baccharis halimifolia",38257,3129663
"Tracheophyta","Magnoliopsida","Asterales","Asteraceae","Bartlettina","Bartlettina sordida",923,4243007
"Tracheophyta","Magnoliopsida","Asterales","Asteraceae","Cassinia","Cassinia arcuata",714,5390398
"Tracheophyta","Magnoliopsida","Asterales","Asteraceae","Chromolaena","Chromolaena odorata",56794,3087725
"Tracheophyta","Magnoliopsida","Asterales","Asteraceae","Clibadium","Clibadium surinamense",4014,3104771
"Tracheophyta","Magnoliopsida","Asterales","Asteraceae","Montanoa","Montanoa hibiscifolia",1425,8318356
"Tracheophyta","Magnoliopsida","Asterales","Asteraceae","Neurolaena","Neurolaena lobata",4794,7545076
"Tracheophyta","Magnoliopsida","Asterales","Asteraceae","Osteospermum","Osteospermum moniliferum",48622,4252828
"Tracheophyta","Magnoliopsida","Asterales","Asteraceae","Pluchea","Pluchea carolinensis",5516,3132710
"Tracheophyta","Magnoliopsida","Asterales","Asteraceae","Pluchea","Pluchea indica",2619,3132728
"Tracheophyta","Magnoliopsida","Asterales","Goodeniaceae","Scaevola","Scaevola taccada",14272,6358362
"Tracheophyta","Magnoliopsida","Boraginales","Boraginaceae","Echium","Echium candicans",6646,7551118
"Tracheophyta","Magnoliopsida","Boraginales","Boraginaceae","Ehretia","Ehretia microphylla",4,4066311
"Tracheophyta","Magnoliopsida","Boraginales","Cordiaceae","Cordia","Cordia alliodora",24125,7649215
"Tracheophyta","Magnoliopsida","Boraginales","Cordiaceae","Varronia","Varronia cylindristachya",2636,4060935
"Tracheophyta","Magnoliopsida","Boraginales","Ehretiaceae","Ehretia","Ehretia microphylla",2436,4066311
"Tracheophyta","Magnoliopsida","Brassicales","Caricaceae","Carica","Carica papaya",20275,2874484
"Tracheophyta","Magnoliopsida","Caryophyllales","Amaranthaceae","Atriplex","Atriplex amnicola",356,3756750
"Tracheophyta","Magnoliopsida","Caryophyllales","Amaranthaceae","Atriplex","Atriplex nummularia",4342,3083652
"Tracheophyta","Magnoliopsida","Caryophyllales","Amaranthaceae","Atriplex","Atriplex undulata",213,3758994
"Tracheophyta","Magnoliopsida","Caryophyllales","Amaranthaceae","Maireana","Maireana brevifolia",14510,3756029
"Tracheophyta","Magnoliopsida","Caryophyllales","Cactaceae","Pereskia","Pereskia aculeata",3560,5384215
"Tracheophyta","Magnoliopsida","Caryophyllales","Nyctaginaceae","Bougainvillea","Bougainvillea spectabilis",3370,7167078
"Tracheophyta","Magnoliopsida","Caryophyllales","Phytolaccaceae","Phytolacca","Phytolacca dioica",7652,7309625
"Tracheophyta","Magnoliopsida","Caryophyllales","Plumbaginaceae","Plumbago","Plumbago auriculata",13588,3082283
"Tracheophyta","Magnoliopsida","Caryophyllales","Polygonaceae","Coccoloba","Coccoloba uvifera",20516,2888831
"Tracheophyta","Magnoliopsida","Caryophyllales","Polygonaceae","Reynoutria","Reynoutria japonica",405631,2889173
"Tracheophyta","Magnoliopsida","Caryophyllales","Polygonaceae","Reynoutria","Reynoutria sachalinensis",30067,2889088
"Tracheophyta","Magnoliopsida","Caryophyllales","Polygonaceae","Triplaris","Triplaris americana",9060,4038608
"Tracheophyta","Magnoliopsida","Caryophyllales","Polygonaceae","Triplaris","Triplaris weigeltiana",996,4037419
"Tracheophyta","Magnoliopsida","Caryophyllales","Tamaricaceae","Tamarix","Tamarix aphylla",7115,2874704
"Tracheophyta","Magnoliopsida","Caryophyllales","Tamaricaceae","Tamarix","Tamarix chinensis",2972,2874696
"Tracheophyta","Magnoliopsida","Caryophyllales","Tamaricaceae","Tamarix","Tamarix gallica",23082,8380575
"Tracheophyta","Magnoliopsida","Caryophyllales","Tamaricaceae","Tamarix","Tamarix parviflora",2292,2874706
"Tracheophyta","Magnoliopsida","Caryophyllales","Tamaricaceae","Tamarix","Tamarix ramosissima",12283,2874700
"Tracheophyta","Magnoliopsida","Celastrales","Celastraceae","Euonymus","Euonymus alatus",44255,3169120
"Tracheophyta","Magnoliopsida","Celastrales","Celastraceae","Euonymus","Euonymus europaeus",470689,3169131
"Tracheophyta","Magnoliopsida","Celastrales","Celastraceae","Euonymus","Euonymus fortunei",30505,3169137
"Tracheophyta","Magnoliopsida","Cornales","Cornaceae","Cornus","Cornus alba",12652,8365953
"Tracheophyta","Magnoliopsida","Cornales","Cornaceae","Cornus","Cornus sericea",69107,3082244
"Tracheophyta","Magnoliopsida","Cornales","Hydrangeaceae","Philadelphus","Philadelphus karwinskyanus",32,3645389
"Tracheophyta","Magnoliopsida","Cucurbitales","Corynocarpaceae","Corynocarpus","Corynocarpus laevigatus",4154,3169083
"Tracheophyta","Magnoliopsida","Dilleniales","Dilleniaceae","Dillenia","Dillenia suffruticosa",1773,5383897
"Tracheophyta","Magnoliopsida","Dipsacales","Caprifoliaceae","Leycesteria","Leycesteria formosa",29491,2888579
"Tracheophyta","Magnoliopsida","Dipsacales","Caprifoliaceae","Lonicera","Lonicera bella",2199,5334244
"Tracheophyta","Magnoliopsida","Dipsacales","Caprifoliaceae","Lonicera","Lonicera fragrantissima",3560,5334268
"Tracheophyta","Magnoliopsida","Dipsacales","Caprifoliaceae","Lonicera","Lonicera maackii",41653,7902463
"Tracheophyta","Magnoliopsida","Dipsacales","Caprifoliaceae","Lonicera","Lonicera morrowii",6428,5334275
"Tracheophyta","Magnoliopsida","Dipsacales","Caprifoliaceae","Lonicera","Lonicera standishii",250,5334222
"Tracheophyta","Magnoliopsida","Dipsacales","Caprifoliaceae","Lonicera","Lonicera tatarica",25791,5334242
"Tracheophyta","Magnoliopsida","Dipsacales","Caprifoliaceae","Lonicera","Lonicera xylosteum",363685,5334259
"Tracheophyta","Magnoliopsida","Dipsacales","Caprifoliaceae","Symphoricarpos","Symphoricarpos albus",130255,8012439
"Tracheophyta","Magnoliopsida","Dipsacales","Viburnaceae","Sambucus","Sambucus canadensis",38323,6369819
"Tracheophyta","Magnoliopsida","Dipsacales","Viburnaceae","Sambucus","Sambucus nigra",831754,2888728
"Tracheophyta","Magnoliopsida","Dipsacales","Viburnaceae","Sambucus","Sambucus racemosa",275878,2888723
"Tracheophyta","Magnoliopsida","Dipsacales","Viburnaceae","Viburnum","Viburnum dilatatum",12998,2888584
"Tracheophyta","Magnoliopsida","Dipsacales","Viburnaceae","Viburnum","Viburnum opulus",437723,2888605
"Tracheophyta","Magnoliopsida","Dipsacales","Viburnaceae","Viburnum","Viburnum tinus",134285,2888585
"Tracheophyta","Magnoliopsida","Ericales","Ebenaceae","Diospyros","Diospyros dichrophylla",1892,4070410
"Tracheophyta","Magnoliopsida","Ericales","Ericaceae","Arbutus","Arbutus unedo",142388,2882803
"Tracheophyta","Magnoliopsida","Ericales","Ericaceae","Calluna","Calluna vulgaris",1073624,2882482
"Tracheophyta","Magnoliopsida","Ericales","Ericaceae","Erica","Erica arborea",140430,5333410
"Tracheophyta","Magnoliopsida","Ericales","Ericaceae","Erica","Erica baccans",1387,5682818
"Tracheophyta","Magnoliopsida","Ericales","Ericaceae","Erica","Erica caffra",701,5682534
"Tracheophyta","Magnoliopsida","Ericales","Ericaceae","Erica","Erica cinerea",151163,5333411
"Tracheophyta","Magnoliopsida","Ericales","Ericaceae","Erica","Erica lusitanica",10960,5333409
"Tracheophyta","Magnoliopsida","Ericales","Ericaceae","Gaultheria","Gaultheria mucronata",3503,7418599
"Tracheophyta","Magnoliopsida","Ericales","Ericaceae","Gaultheria","Gaultheria shallon",36268,2882758
"Tracheophyta","Magnoliopsida","Ericales","Ericaceae","Rhododendron","Rhododendron ponticum",69227,7327990
"Tracheophyta","Magnoliopsida","Ericales","Primulaceae","Ardisia","Ardisia crenata",17563,5414379
"Tracheophyta","Magnoliopsida","Ericales","Primulaceae","Ardisia","Ardisia elliptica",5067,5414375
"Tracheophyta","Magnoliopsida","Ericales","Primulaceae","Ardisia","Ardisia humilis",1223,5558193
"Tracheophyta","Magnoliopsida","Ericales","Sapotaceae","Chrysophyllum","Chrysophyllum cainito",3345,2885828
"Tracheophyta","Magnoliopsida","Ericales","Sapotaceae","Chrysophyllum","Chrysophyllum oliviforme",2080,2885793
"Tracheophyta","Magnoliopsida","Ericales","Sapotaceae","Mimusops","Mimusops coriacea",1075,2883694
"Tracheophyta","Magnoliopsida","Ericales","Sapotaceae","Sideroxylon","Sideroxylon persimile",829,2886860
"Tracheophyta","Magnoliopsida","Fabales","Fabaceae","Abrus","Abrus precatorius",13122,5348711
"Tracheophyta","Magnoliopsida","Fabales","Fabaceae","Acacia","Acacia auriculiformis",12052,2981001
"Tracheophyta","Magnoliopsida","Fabales","Fabaceae","Acacia","Acacia baileyana",8293,2981303
"Tracheophyta","Magnoliopsida","Fabales","Fabaceae","Acacia","Acacia confusa",4197,2978466
"Tracheophyta","Magnoliopsida","Fabales","Fabaceae","Acacia","Acacia crassicarpa",1167,2979506
"Tracheophyta","Magnoliopsida","Fabales","Fabaceae","Acacia","Acacia cyclops",6141,2980425
"Tracheophyta","Magnoliopsida","Fabales","Fabaceae","Acacia","Acacia dealbata",62651,2979474
"Tracheophyta","Magnoliopsida","Fabales","Fabaceae","Acacia","Acacia decurrens",22514,2979778
"Tracheophyta","Magnoliopsida","Fabales","Fabaceae","Acacia","Acacia elata",2438,2973176
"Tracheophyta","Magnoliopsida","Fabales","Fabaceae","Acacia","Acacia implexa",15790,2979232
"Tracheophyta","Magnoliopsida","Fabales","Fabaceae","Acacia","Acacia iteaphylla",1565,2978830
"Tracheophyta","Magnoliopsida","Fabales","Fabaceae","Acacia","Acacia longifolia",42724,2978730
"Tracheophyta","Magnoliopsida","Fabales","Fabaceae","Acacia","Acacia mangium",2800,2979091
"Tracheophyta","Magnoliopsida","Fabales","Fabaceae","Acacia","Acacia mearnsii",33204,2979775
"Tracheophyta","Magnoliopsida","Fabales","Fabaceae","Acacia","Acacia melanoxylon",63366,2979000
"Tracheophyta","Magnoliopsida","Fabales","Fabaceae","Acacia","Acacia paradoxa",21896,2981159
"Tracheophyta","Magnoliopsida","Fabales","Fabaceae","Acacia","Acacia podalyriifolia",3645,2979014
"Tracheophyta","Magnoliopsida","Fabales","Fabaceae","Acacia","Acacia prominens",1094,2978612
"Tracheophyta","Magnoliopsida","Fabales","Fabaceae","Acacia","Acacia pycnantha",30409,2978604
"Tracheophyta","Magnoliopsida","Fabales","Fabaceae","Acacia","Acacia retinodes",4594,2979408
"Tracheophyta","Magnoliopsida","Fabales","Fabaceae","Acacia","Acacia salicina",6894,2978548
"Tracheophyta","Magnoliopsida","Fabales","Fabaceae","Acacia","Acacia saligna",20173,2978552
"Tracheophyta","Magnoliopsida","Fabales","Fabaceae","Acacia","Acacia stricta",4868,2979835
"Tracheophyta","Magnoliopsida","Fabales","Fabaceae","Acacia","Acacia victoriae",9502,2979105
"Tracheophyta","Magnoliopsida","Fabales","Fabaceae","Acaciella","Acaciella angustissima",13545,2981071
"Tracheophyta","Magnoliopsida","Fabales","Fabaceae","Acaciella","Acaciella glauca",2191,3794870
"Tracheophyta","Magnoliopsida","Fabales","Fabaceae","Adenanthera","Adenanthera pavonina",4723,2951846
"Tracheophyta","Magnoliopsida","Fabales","Fabaceae","Albizia","Albizia adinocephala",781,2973023
"Tracheophyta","Magnoliopsida","Fabales","Fabaceae","Albizia","Albizia chinensis",1667,2973197
"Tracheophyta","Magnoliopsida","Fabales","Fabaceae","Albizia","Albizia julibrissin",29780,2972983
"Tracheophyta","Magnoliopsida","Fabales","Fabaceae","Albizia","Albizia lebbeck",10621,2973215
"Tracheophyta","Magnoliopsida","Fabales","Fabaceae","Albizia","Albizia procera",2209,2973167
"Tracheophyta","Magnoliopsida","Fabales","Fabaceae","Alhagi","Alhagi maurorum",2261,2945092
"Tracheophyta","Magnoliopsida","Fabales","Fabaceae","Amorpha","Amorpha fruticosa",41677,5357407
"Tracheophyta","Magnoliopsida","Fabales","Fabaceae","Bauhinia","Bauhinia monandra",2542,2953715
"Tracheophyta","Magnoliopsida","Fabales","Fabaceae","Bauhinia","Bauhinia multinervia",132,2953377
"Tracheophyta","Magnoliopsida","Fabales","Fabaceae","Bauhinia","Bauhinia purpurea",8354,2953871
"Tracheophyta","Magnoliopsida","Fabales","Fabaceae","Bauhinia","Bauhinia variegata",4218,2953251
"Tracheophyta","Magnoliopsida","Fabales","Fabaceae","Biancaea","Biancaea decapetala",8337,3974372
"Tracheophyta","Magnoliopsida","Fabales","Fabaceae","Caesalpinia","Caesalpinia pulcherrima",13963,2958715
"Tracheophyta","Magnoliopsida","Fabales","Fabaceae","Cajanus","Cajanus cajan",58509,7587087
"Tracheophyta","Magnoliopsida","Fabales","Fabaceae","Calicotome","Calicotome spinosa",11148,2956359
"Tracheophyta","Magnoliopsida","Fabales","Fabaceae","Calliandra","Calliandra houstoniana",7886,2982067
"Tracheophyta","Magnoliopsida","Fabales","Fabaceae","Caragana","Caragana arborescens",20936,2943190
"Tracheophyta","Magnoliopsida","Fabales","Fabaceae","Caragana","Caragana sinica",1124,2943171
"Tracheophyta","Magnoliopsida","Fabales","Fabaceae","Cassia","Cassia fistula",20827,5357108
"Tracheophyta","Magnoliopsida","Fabales","Fabaceae","Cassia","Cassia javanica",2139,5357125
"Tracheophyta","Magnoliopsida","Fabales","Fabaceae","Ceratonia","Ceratonia siliqua",69893,5356354
"Tracheophyta","Magnoliopsida","Fabales","Fabaceae","Chamaecytisus","Chamaecytisus prolifer",3122,7344665
"Tracheophyta","Magnoliopsida","Fabales","Fabaceae","Clitoria","Clitoria fairchildiana",1363,2946600
"Tracheophyta","Magnoliopsida","Fabales","Fabaceae","Clitoria","Clitoria laurifolia",1968,2946665
"Tracheophyta","Magnoliopsida","Fabales","Fabaceae","Colutea","Colutea arborescens",27357,7844167
"Tracheophyta","Magnoliopsida","Fabales","Fabaceae","Crotalaria","Crotalaria grahamiana",193,2941791
"Tracheophyta","Magnoliopsida","Fabales","Fabaceae","Crotalaria","Crotalaria pallida",12153,8260433
"Tracheophyta","Magnoliopsida","Fabales","Fabaceae","Crotalaria","Crotalaria trichotoma",1854,2941939
"Tracheophyta","Magnoliopsida","Fabales","Fabaceae","Cytisus","Cytisus multiflorus",5468,7681436
"Tracheophyta","Magnoliopsida","Fabales","Fabaceae","Cytisus","Cytisus striatus",6493,5354707
"Tracheophyta","Magnoliopsida","Fabales","Fabaceae","Dalbergia","Dalbergia sissoo",2069,2968532
"Tracheophyta","Magnoliopsida","Fabales","Fabaceae","Delonix","Delonix regia",20231,2956176
"Tracheophyta","Magnoliopsida","Fabales","Fabaceae","Desmanthus","Desmanthus virgatus",8203,5360097
"Tracheophyta","Magnoliopsida","Fabales","Fabaceae","Dichrostachys","Dichrostachys cinerea",11198,2975891
"Tracheophyta","Magnoliopsida","Fabales","Fabaceae","Erythrina","Erythrina crista-galli",8630,5349719
"Tracheophyta","Magnoliopsida","Fabales","Fabaceae","Erythrina","Erythrina poeppigiana",3717,5349755
"Tracheophyta","Magnoliopsida","Fabales","Fabaceae","Erythrostemon","Erythrostemon gilliesii",3585,8130309
"Tracheophyta","Magnoliopsida","Fabales","Fabaceae","Falcataria","Falcataria falcata",1915,10691906
"Tracheophyta","Magnoliopsida","Fabales","Fabaceae","Flemingia","Flemingia macrophylla",3074,5359866
"Tracheophyta","Magnoliopsida","Fabales","Fabaceae","Flemingia","Flemingia strobilifera",3522,5359843
"Tracheophyta","Magnoliopsida","Fabales","Fabaceae","Genista","Genista linifolia",7431,5347599
"Tracheophyta","Magnoliopsida","Fabales","Fabaceae","Genista","Genista monspessulana",30977,5347796
"Tracheophyta","Magnoliopsida","Fabales","Fabaceae","Gleditsia","Gleditsia australis",184,2959479
"Tracheophyta","Magnoliopsida","Fabales","Fabaceae","Gleditsia","Gleditsia triacanthos",126043,2959443
"Tracheophyta","Magnoliopsida","Fabales","Fabaceae","Gliricidia","Gliricidia sepium",26705,8082978
"Tracheophyta","Magnoliopsida","Fabales","Fabaceae","Haematoxylum","Haematoxylum campechianum",3175,2950903
"Tracheophyta","Magnoliopsida","Fabales","Fabaceae","Indigofera","Indigofera hirsuta",11108,2972082
"Tracheophyta","Magnoliopsida","Fabales","Fabaceae","Indigofera","Indigofera suffruticosa",12409,2971774
"Tracheophyta","Magnoliopsida","Fabales","Fabaceae","Inga","Inga spectabilis",1423,5357491
"Tracheophyta","Magnoliopsida","Fabales","Fabaceae","Lespedeza","Lespedeza bicolor",15814,2955759
"Tracheophyta","Magnoliopsida","Fabales","Fabaceae","Lespedeza","Lespedeza cuneata",26883,8114276
"Tracheophyta","Magnoliopsida","Fabales","Fabaceae","Leucaena","Leucaena leucocephala",44047,2970418
"Tracheophyta","Magnoliopsida","Fabales","Fabaceae","Leucaena","Leucaena trichodes",1498,2970408
"Tracheophyta","Magnoliopsida","Fabales","Fabaceae","Lupinus","Lupinus arboreus",14572,2963807
"Tracheophyta","Magnoliopsida","Fabales","Fabaceae","Medicago","Medicago arborea",12564,2965379
"Tracheophyta","Magnoliopsida","Fabales","Fabaceae","Millettia","Millettia dura",232,5355670
"Tracheophyta","Magnoliopsida","Fabales","Fabaceae","Mimosa","Mimosa arenosa",2751,2969922
"Tracheophyta","Magnoliopsida","Fabales","Fabaceae","Mimosa","Mimosa caesalpiniifolia",1907,2970230
"Tracheophyta","Magnoliopsida","Fabales","Fabaceae","Mimosa","Mimosa candollei",2003,2969714
"Tracheophyta","Magnoliopsida","Fabales","Fabaceae","Mimosa","Mimosa diplotricha",3969,7808904
"Tracheophyta","Magnoliopsida","Fabales","Fabaceae","Mimosa","Mimosa pigra",42650,2969431
"Tracheophyta","Magnoliopsida","Fabales","Fabaceae","Myroxylon","Myroxylon balsamum",2219,5357190
"Tracheophyta","Magnoliopsida","Fabales","Fabaceae","Parkinsonia","Parkinsonia aculeata",64099,5357217
"Tracheophyta","Magnoliopsida","Fabales","Fabaceae","Pithecellobium","Pithecellobium dulce",12736,2962831
"Tracheophyta","Magnoliopsida","Fabales","Fabaceae","Prosopis","Prosopis chilensis",1482,5358466
"Tracheophyta","Magnoliopsida","Fabales","Fabaceae","Prosopis","Prosopis juliflora",22521,5358460
"Tracheophyta","Magnoliopsida","Fabales","Fabaceae","Prosopis","Prosopis pallida",5496,5358525
"Tracheophyta","Magnoliopsida","Fabales","Fabaceae","Prosopis","Prosopis velutina",5061,5358538
"Tracheophyta","Magnoliopsida","Fabales","Fabaceae","Psoralea","Psoralea pinnata",3486,2944039
"Tracheophyta","Magnoliopsida","Fabales","Fabaceae","Pterocarpus","Pterocarpus macrocarpus",1366,5349297
"Tracheophyta","Magnoliopsida","Fabales","Fabaceae","Retama","Retama monosperma",3738,2965085
"Tracheophyta","Magnoliopsida","Fabales","Fabaceae","Robinia","Robinia hispida",6042,5352221
"Tracheophyta","Magnoliopsida","Fabales","Fabaceae","Robinia","Robinia pseudoacacia",376708,5352251
"Tracheophyta","Magnoliopsida","Fabales","Fabaceae","Samanea","Samanea saman",22578,2972960
"Tracheophyta","Magnoliopsida","Fabales","Fabaceae","Schizolobium","Schizolobium parahyba",3088,2945453
"Tracheophyta","Magnoliopsida","Fabales","Fabaceae","Senegalia","Senegalia catechu",773,3796190
"Tracheophyta","Magnoliopsida","Fabales","Fabaceae","Senegalia","Senegalia polyacantha",3277,3795911
"Tracheophyta","Magnoliopsida","Fabales","Fabaceae","Senegalia","Senegalia rugata",610,3795863
"Tracheophyta","Magnoliopsida","Fabales","Fabaceae","Senna","Senna alata",10740,2956947
"Tracheophyta","Magnoliopsida","Fabales","Fabaceae","Senna","Senna artemisioides",39750,7679480
"Tracheophyta","Magnoliopsida","Fabales","Fabaceae","Senna","Senna bicapsularis",3455,2958076
"Tracheophyta","Magnoliopsida","Fabales","Fabaceae","Senna","Senna corymbosa",1884,2957431
"Tracheophyta","Magnoliopsida","Fabales","Fabaceae","Senna","Senna didymobotrya",5277,2957556
"Tracheophyta","Magnoliopsida","Fabales","Fabaceae","Senna","Senna hirsuta",6368,2958100
"Tracheophyta","Magnoliopsida","Fabales","Fabaceae","Senna","Senna multiglandulosa",2860,2957656
"Tracheophyta","Magnoliopsida","Fabales","Fabaceae","Senna","Senna multijuga",8880,2957158
"Tracheophyta","Magnoliopsida","Fabales","Fabaceae","Senna","Senna obtusifolia",19332,2957408
"Tracheophyta","Magnoliopsida","Fabales","Fabaceae","Senna","Senna occidentalis",22754,2957966
"Tracheophyta","Magnoliopsida","Fabales","Fabaceae","Senna","Senna pendula",15721,2957187
"Tracheophyta","Magnoliopsida","Fabales","Fabaceae","Senna","Senna septemtrionalis",5059,2957529
"Tracheophyta","Magnoliopsida","Fabales","Fabaceae","Senna","Senna siamea",17199,2956905
"Tracheophyta","Magnoliopsida","Fabales","Fabaceae","Senna","Senna spectabilis",8560,2957438
"Tracheophyta","Magnoliopsida","Fabales","Fabaceae","Senna","Senna surattensis",1283,2958052
"Tracheophyta","Magnoliopsida","Fabales","Fabaceae","Senna","Senna tora",6457,2957728
"Tracheophyta","Magnoliopsida","Fabales","Fabaceae","Sesbania","Sesbania punicea",5749,2970728
"Tracheophyta","Magnoliopsida","Fabales","Fabaceae","Sesbania","Sesbania sesban",5889,2970648
"Tracheophyta","Magnoliopsida","Fabales","Fabaceae","Spartium","Spartium junceum",52258,5355395
"Tracheophyta","Magnoliopsida","Fabales","Fabaceae","Tamarindus","Tamarindus indica",29060,2975768
"Tracheophyta","Magnoliopsida","Fabales","Fabaceae","Tipuana","Tipuana tipu",4126,5352512
"Tracheophyta","Magnoliopsida","Fabales","Fabaceae","Ulex","Ulex europaeus",263552,2951984
"Tracheophyta","Magnoliopsida","Fabales","Fabaceae","Vachellia","Vachellia farnesiana",31613,2979265
"Tracheophyta","Magnoliopsida","Fabales","Fabaceae","Vachellia","Vachellia karroo",14450,3974754
"Tracheophyta","Magnoliopsida","Fabales","Fabaceae","Vachellia","Vachellia nilotica",20517,3974744
"Tracheophyta","Magnoliopsida","Fabales","Fabaceae","Vachellia","Vachellia tortilis",13252,3974700
"Tracheophyta","Magnoliopsida","Fabales","Fabaceae","Vachellia","Vachellia tortuosa",2230,3795393
"Tracheophyta","Magnoliopsida","Fabales","Polygalaceae","Polygala","Polygala myrtifolia",15541,3191402
"Tracheophyta","Magnoliopsida","Fabales","Polygalaceae","Polygala","Polygala virgata",3408,4049271
"Tracheophyta","Magnoliopsida","Fagales","Betulaceae","Alnus","Alnus glutinosa",818535,2876213
"Tracheophyta","Magnoliopsida","Fagales","Betulaceae","Betula","Betula pendula",761795,5331916
"Tracheophyta","Magnoliopsida","Fagales","Betulaceae","Corylus","Corylus maxima",2111,2876049
"Tracheophyta","Magnoliopsida","Fagales","Casuarinaceae","Casuarina","Casuarina cunninghamiana",14225,2891932
"Tracheophyta","Magnoliopsida","Fagales","Casuarinaceae","Casuarina","Casuarina equisetifolia",14769,2891930
"Tracheophyta","Magnoliopsida","Fagales","Casuarinaceae","Casuarina","Casuarina glauca",10824,7417428
"Tracheophyta","Magnoliopsida","Fagales","Fagaceae","Castanea","Castanea sativa",349254,5333294
"Tracheophyta","Magnoliopsida","Fagales","Fagaceae","Fagus","Fagus sylvatica",1207754,2882316
"Tracheophyta","Magnoliopsida","Fagales","Fagaceae","Quercus","Quercus acutissima",9620,2877959
"Tracheophyta","Magnoliopsida","Fagales","Fagaceae","Quercus","Quercus robur",1293812,2878688
"Tracheophyta","Magnoliopsida","Fagales","Fagaceae","Quercus","Quercus rubra",172296,2880539
"Tracheophyta","Magnoliopsida","Fagales","Juglandaceae","Carya","Carya illinoinensis",17962,3054289
"Tracheophyta","Magnoliopsida","Fagales","Juglandaceae","Juglans","Juglans mandshurica",5991,4205640
"Tracheophyta","Magnoliopsida","Fagales","Juglandaceae","Juglans","Juglans regia",213506,3054368
"Tracheophyta","Magnoliopsida","Fagales","Myricaceae","Morella","Morella cerifera",21154,3168995
"Tracheophyta","Magnoliopsida","Fagales","Myricaceae","Morella","Morella faya",14717,3168988
"Tracheophyta","Magnoliopsida","Gentianales","Apocynaceae","Alstonia","Alstonia macrophylla",2160,5414411
"Tracheophyta","Magnoliopsida","Gentianales","Apocynaceae","Calotropis","Calotropis gigantea",6220,3579089
"Tracheophyta","Magnoliopsida","Gentianales","Apocynaceae","Calotropis","Calotropis procera",23033,5414566
"Tracheophyta","Magnoliopsida","Gentianales","Apocynaceae","Cascabela","Cascabela thevetia",11638,3169652
"Tracheophyta","Magnoliopsida","Gentianales","Apocynaceae","Nerium","Nerium oleander",106942,3169756
"Tracheophyta","Magnoliopsida","Gentianales","Rubiaceae","Cinchona","Cinchona pubescens",4237,2901294
"Tracheophyta","Magnoliopsida","Gentianales","Rubiaceae","Coffea","Coffea arabica",14649,2895345
"Tracheophyta","Magnoliopsida","Gentianales","Rubiaceae","Coffea","Coffea canephora",3046,2895528
"Tracheophyta","Magnoliopsida","Gentianales","Rubiaceae","Coffea","Coffea liberica",2332,8524134
"Tracheophyta","Magnoliopsida","Gentianales","Rubiaceae","Coprosma","Coprosma repens",8602,2911525
"Tracheophyta","Magnoliopsida","Gentianales","Rubiaceae","Coprosma","Coprosma robusta",8625,2911561
"Tracheophyta","Magnoliopsida","Gentianales","Rubiaceae","Ixora","Ixora finlaysoniana",863,2905676
"Tracheophyta","Magnoliopsida","Gentianales","Rubiaceae","Morinda","Morinda citrifolia",15580,5339879
"Tracheophyta","Magnoliopsida","Gentianales","Rubiaceae","Timonius","Timonius timon",3078,2899947
"Tracheophyta","Magnoliopsida","Geraniales","Geraniaceae","Pelargonium","Pelargonium capitatum",5921,9711656
"Tracheophyta","Magnoliopsida","Geraniales","Melianthaceae","Melianthus","Melianthus comosus",942,3845268
"Tracheophyta","Magnoliopsida","Geraniales","Melianthaceae","Melianthus","Melianthus major",2147,3845298
"Tracheophyta","Magnoliopsida","Lamiales","Acanthaceae","Avicennia","Avicennia marina",30918,2925403
"Tracheophyta","Magnoliopsida","Lamiales","Acanthaceae","Barleria","Barleria lupulina",848,3173126
"Tracheophyta","Magnoliopsida","Lamiales","Acanthaceae","Odontonema","Odontonema tubaeforme",2562,5575932
"Tracheophyta","Magnoliopsida","Lamiales","Bignoniaceae","Jacaranda","Jacaranda mimosifolia",21171,3172499
"Tracheophyta","Magnoliopsida","Lamiales","Bignoniaceae","Parmentiera","Parmentiera aculeata",1842,7533857
"Tracheophyta","Magnoliopsida","Lamiales","Bignoniaceae","Spathodea","Spathodea campanulata",12674,3172574
"Tracheophyta","Magnoliopsida","Lamiales","Bignoniaceae","Tabebuia","Tabebuia heterophylla",4079,3172526
"Tracheophyta","Magnoliopsida","Lamiales","Bignoniaceae","Tabebuia","Tabebuia pallida",522,3172527
"Tracheophyta","Magnoliopsida","Lamiales","Bignoniaceae","Tecoma","Tecoma stans",27652,3172492
"Tracheophyta","Magnoliopsida","Lamiales","Bignoniaceae","Tecomaria","Tecomaria capensis",6676,3172490
"Tracheophyta","Magnoliopsida","Lamiales","Lamiaceae","Clerodendrum","Clerodendrum chinense",3206,2925357
"Tracheophyta","Magnoliopsida","Lamiales","Lamiaceae","Clerodendrum","Clerodendrum indicum",1418,2925349
"Tracheophyta","Magnoliopsida","Lamiales","Lamiaceae","Clerodendrum","Clerodendrum infortunatum",1806,3892486
"Tracheophyta","Magnoliopsida","Lamiales","Lamiaceae","Clerodendrum","Clerodendrum macrostegium",209,2925371
"Tracheophyta","Magnoliopsida","Lamiales","Lamiaceae","Clerodendrum","Clerodendrum paniculatum",2178,3890745
"Tracheophyta","Magnoliopsida","Lamiales","Lamiaceae","Clerodendrum","Clerodendrum quadriloculare",1200,3890217
"Tracheophyta","Magnoliopsida","Lamiales","Lamiaceae","Coleus","Coleus barbatus",3323,8030165
"Tracheophyta","Magnoliopsida","Lamiales","Lamiaceae","Gmelina","Gmelina asiatica",499,5341168
"Tracheophyta","Magnoliopsida","Lamiales","Lamiaceae","Gmelina","Gmelina elliptica",3140,5607694
"Tracheophyta","Magnoliopsida","Lamiales","Lamiaceae","Lavandula","Lavandula stoechas",224005,2927303
"Tracheophyta","Magnoliopsida","Lamiales","Lamiaceae","Tectona","Tectona grandis",27956,2925649
"Tracheophyta","Magnoliopsida","Lamiales","Lamiaceae","Vitex","Vitex agnus-castus",30563,2925562
"Tracheophyta","Magnoliopsida","Lamiales","Lamiaceae","Vitex","Vitex rotundifolia",6980,2925558
"Tracheophyta","Magnoliopsida","Lamiales","Oleaceae","Chrysojasminum","Chrysojasminum humile",1747,9534100
"Tracheophyta","Magnoliopsida","Lamiales","Oleaceae","Fraxinus","Fraxinus americana",21270,3172327
"Tracheophyta","Magnoliopsida","Lamiales","Oleaceae","Fraxinus","Fraxinus angustifolia",85592,7325877
"Tracheophyta","Magnoliopsida","Lamiales","Oleaceae","Fraxinus","Fraxinus chinensis",8443,3172325
"Tracheophyta","Magnoliopsida","Lamiales","Oleaceae","Fraxinus","Fraxinus floribunda",514,7326078
"Tracheophyta","Magnoliopsida","Lamiales","Oleaceae","Fraxinus","Fraxinus ornus",31427,3172347
"Tracheophyta","Magnoliopsida","Lamiales","Oleaceae","Fraxinus","Fraxinus pennsylvanica",83750,3172348
"Tracheophyta","Magnoliopsida","Lamiales","Oleaceae","Fraxinus","Fraxinus uhdei",2506,3172371
"Tracheophyta","Magnoliopsida","Lamiales","Oleaceae","Ligustrum","Ligustrum japonicum",8716,3172301
"Tracheophyta","Magnoliopsida","Lamiales","Oleaceae","Ligustrum","Ligustrum lucidum",34639,3172297
"Tracheophyta","Magnoliopsida","Lamiales","Oleaceae","Ligustrum","Ligustrum obtusifolium",17741,3172296
"Tracheophyta","Magnoliopsida","Lamiales","Oleaceae","Ligustrum","Ligustrum ovalifolium",29700,3172291
"Tracheophyta","Magnoliopsida","Lamiales","Oleaceae","Ligustrum","Ligustrum quihoui",6411,3172299
"Tracheophyta","Magnoliopsida","Lamiales","Oleaceae","Ligustrum","Ligustrum sinense",47225,3172294
"Tracheophyta","Magnoliopsida","Lamiales","Oleaceae","Ligustrum","Ligustrum vulgare",504357,3172300
"Tracheophyta","Magnoliopsida","Lamiales","Oleaceae","Noronhia","Noronhia emarginata",579,8227431
"Tracheophyta","Magnoliopsida","Lamiales","Oleaceae","Olea","Olea europaea",395758,5415040
"Tracheophyta","Magnoliopsida","Lamiales","Oleaceae","Syringa","Syringa reticulata",12012,5415038
"Tracheophyta","Magnoliopsida","Lamiales","Oleaceae","Syringa","Syringa vulgaris",136072,5415039
"Tracheophyta","Magnoliopsida","Lamiales","Paulowniaceae","Paulownia","Paulownia tomentosa",50999,3170823
"Tracheophyta","Magnoliopsida","Lamiales","Scrophulariaceae","Buddleja","Buddleja davidii",242035,3173338
"Tracheophyta","Magnoliopsida","Lamiales","Scrophulariaceae","Buddleja","Buddleja madagascariensis",1421,3173340
"Tracheophyta","Magnoliopsida","Lamiales","Scrophulariaceae","Myoporum","Myoporum laetum",5995,3172657
"Tracheophyta","Magnoliopsida","Lamiales","Scrophulariaceae","Myoporum","Myoporum tenuifolium",926,7335194
"Tracheophyta","Magnoliopsida","Lamiales","Verbenaceae","Citharexylum","Citharexylum caudatum",1947,2925393
"Tracheophyta","Magnoliopsida","Lamiales","Verbenaceae","Citharexylum","Citharexylum spinosum",3873,2925396
"Tracheophyta","Magnoliopsida","Lamiales","Verbenaceae","Citharexylum","Citharexylum svensonii",82,4085818
"Tracheophyta","Magnoliopsida","Lamiales","Verbenaceae","Duranta","Duranta erecta",17214,2925655
"Tracheophyta","Magnoliopsida","Lamiales","Verbenaceae","Lantana","Lantana camara",117199,2925303
"Tracheophyta","Magnoliopsida","Lamiales","Verbenaceae","Lantana","Lantana montevidensis",5190,2925314
"Tracheophyta","Magnoliopsida","Lamiales","Verbenaceae","Lantana","Lantana trifolia",7606,2925321
"Tracheophyta","Magnoliopsida","Laurales","Lauraceae","Cinnamomum","Cinnamomum burmanni",2667,3033985
"Tracheophyta","Magnoliopsida","Laurales","Lauraceae","Cinnamomum","Cinnamomum camphora",20174,3033991
"Tracheophyta","Magnoliopsida","Laurales","Lauraceae","Cinnamomum","Cinnamomum glanduliferum",632,7580207
"Tracheophyta","Magnoliopsida","Laurales","Lauraceae","Cinnamomum","Cinnamomum verum",9850,3033987
"Tracheophyta","Magnoliopsida","Laurales","Lauraceae","Damburneya","Damburneya patens",431,9416057
"Tracheophyta","Magnoliopsida","Laurales","Lauraceae","Laurus","Laurus nobilis",65300,3034015
"Tracheophyta","Magnoliopsida","Laurales","Lauraceae","Litsea","Litsea glutinosa",9754,7304140
"Tracheophyta","Magnoliopsida","Laurales","Lauraceae","Litsea","Litsea monopetala",1793,4182444
"Tracheophyta","Magnoliopsida","Laurales","Lauraceae","Persea","Persea americana",13799,3034046
"Tracheophyta","Magnoliopsida","Magnoliales","Annonaceae","Annona","Annona cherimola",2534,5407147
"Tracheophyta","Magnoliopsida","Magnoliales","Annonaceae","Annona","Annona glabra",6478,5407100
"Tracheophyta","Magnoliopsida","Magnoliales","Annonaceae","Annona","Annona squamosa",9151,5407099
"Tracheophyta","Magnoliopsida","Malpighiales","Calophyllaceae","Calophyllum","Calophyllum antillanum",682,5421068
"Tracheophyta","Magnoliopsida","Malpighiales","Chrysobalanaceae","Chrysobalanus","Chrysobalanus icaco",13783,2985082
"Tracheophyta","Magnoliopsida","Malpighiales","Clusiaceae","Clusia","Clusia rosea",3410,5421060
"Tracheophyta","Magnoliopsida","Malpighiales","Clusiaceae","Garcinia","Garcinia cowa",466,3715021
"Tracheophyta","Magnoliopsida","Malpighiales","Clusiaceae","Pentadesma","Pentadesma butyracea",1470,3189435
"Tracheophyta","Magnoliopsida","Malpighiales","Euphorbiaceae","Euphorbia","Euphorbia leucocephala",1249,3066435
"Tracheophyta","Magnoliopsida","Malpighiales","Euphorbiaceae","Hevea","Hevea brasiliensis",6065,3071171
"Tracheophyta","Magnoliopsida","Malpighiales","Euphorbiaceae","Homalanthus","Homalanthus populifolius",6203,3072641
"Tracheophyta","Magnoliopsida","Malpighiales","Euphorbiaceae","Hura","Hura crepitans",32688,5380015
"Tracheophyta","Magnoliopsida","Malpighiales","Euphorbiaceae","Jatropha","Jatropha curcas",10435,3072953
"Tracheophyta","Magnoliopsida","Malpighiales","Euphorbiaceae","Jatropha","Jatropha gossypiifolia",23360,3072900
"Tracheophyta","Magnoliopsida","Malpighiales","Euphorbiaceae","Macaranga","Macaranga mappa",359,3074290
"Tracheophyta","Magnoliopsida","Malpighiales","Euphorbiaceae","Manihot","Manihot carthagenensis",3105,4930698
"Tracheophyta","Magnoliopsida","Malpighiales","Euphorbiaceae","Ricinus","Ricinus communis",80247,5380041
"Tracheophyta","Magnoliopsida","Malpighiales","Euphorbiaceae","Shirakiopsis","Shirakiopsis indica",546,3061423
"Tracheophyta","Magnoliopsida","Malpighiales","Euphorbiaceae","Triadica","Triadica sebifera",25694,3054399
"Tracheophyta","Magnoliopsida","Malpighiales","Hypericaceae","Harungana","Harungana madagascariensis",5924,3711847
"Tracheophyta","Magnoliopsida","Malpighiales","Hypericaceae","Hypericum","Hypericum androsaemum",74021,3189525
"Tracheophyta","Magnoliopsida","Malpighiales","Hypericaceae","Hypericum","Hypericum canariense",2365,3189481
"Tracheophyta","Magnoliopsida","Malpighiales","Hypericaceae","Hypericum","Hypericum forrestii",441,3712539
"Tracheophyta","Magnoliopsida","Malpighiales","Ochnaceae","Ochna","Ochna serrulata",8974,3189680
"Tracheophyta","Magnoliopsida","Malpighiales","Phyllanthaceae","Antidesma","Antidesma bunius",1973,3076436
"Tracheophyta","Magnoliopsida","Malpighiales","Phyllanthaceae","Bischofia","Bischofia javanica",7266,5383085
"Tracheophyta","Magnoliopsida","Malpighiales","Phyllanthaceae","Flueggea","Flueggea virosa",16316,5382823
"Tracheophyta","Magnoliopsida","Malpighiales","Rhizophoraceae","Bruguiera","Bruguiera gymnorhiza",7155,7583876
"Tracheophyta","Magnoliopsida","Malpighiales","Rhizophoraceae","Rhizophora","Rhizophora mangle",33700,3086528
"Tracheophyta","Magnoliopsida","Malpighiales","Rhizophoraceae","Rhizophora","Rhizophora stylosa",4846,3874022
"Tracheophyta","Magnoliopsida","Malpighiales","Salicaceae","Dovyalis","Dovyalis caffra",1865,2874131
"Tracheophyta","Magnoliopsida","Malpighiales","Salicaceae","Flacourtia","Flacourtia indica",6536,5331162
"Tracheophyta","Magnoliopsida","Malpighiales","Salicaceae","Flacourtia","Flacourtia jangomas",932,5331164
"Tracheophyta","Magnoliopsida","Malpighiales","Salicaceae","Flacourtia","Flacourtia rukam",1618,5331160
"Tracheophyta","Magnoliopsida","Malpighiales","Salicaceae","Populus","Populus alba",153502,3040233
"Tracheophyta","Magnoliopsida","Malpighiales","Salicaceae","Populus","Populus canadensis",48577,8190077
"Tracheophyta","Magnoliopsida","Malpighiales","Salicaceae","Populus","Populus canescens",26660,3040185
"Tracheophyta","Magnoliopsida","Malpighiales","Salicaceae","Populus","Populus deltoides",34349,3040232
"Tracheophyta","Magnoliopsida","Malpighiales","Salicaceae","Populus","Populus nigra",173446,3040227
"Tracheophyta","Magnoliopsida","Malpighiales","Salicaceae","Salix","Salix alba",291145,5372513
"Tracheophyta","Magnoliopsida","Malpighiales","Salicaceae","Salix","Salix atrocinerea",131166,5582546
"Tracheophyta","Magnoliopsida","Malpighiales","Salicaceae","Salix","Salix babylonica",14223,5372639
"Tracheophyta","Magnoliopsida","Malpighiales","Salicaceae","Salix","Salix cinerea",469947,5372605
"Tracheophyta","Magnoliopsida","Malpighiales","Salicaceae","Salix","Salix daphnoides",18192,9153437
"Tracheophyta","Magnoliopsida","Malpighiales","Salicaceae","Salix","Salix exigua",17131,5372559
"Tracheophyta","Magnoliopsida","Malpighiales","Salicaceae","Salix","Salix fragilis",59682,5372829
"Tracheophyta","Magnoliopsida","Malpighiales","Salicaceae","Salix","Salix glauca",51506,5372963
"Tracheophyta","Magnoliopsida","Malpighiales","Salicaceae","Salix","Salix nigra",22170,5372854
"Tracheophyta","Magnoliopsida","Malpighiales","Salicaceae","Salix","Salix purpurea",136378,5372800
"Tracheophyta","Magnoliopsida","Malpighiales","Salicaceae","Salix","Salix rubens",23519,5372512
"Tracheophyta","Magnoliopsida","Malpighiales","Salicaceae","Salix","Salix sepulcralis",1985,5373037
"Tracheophyta","Magnoliopsida","Malpighiales","Salicaceae","Salix","Salix triandra",62495,7103891
"Tracheophyta","Magnoliopsida","Malpighiales","Salicaceae","Salix","Salix viminalis",116171,5372933
"Tracheophyta","Magnoliopsida","Malvales","Malvaceae","Brachychiton","Brachychiton populneus",14281,7323035
"Tracheophyta","Magnoliopsida","Malvales","Malvaceae","Grewia","Grewia asiatica",662,3152080
"Tracheophyta","Magnoliopsida","Malvales","Malvaceae","Malva","Malva arborea",19583,3935079
"Tracheophyta","Magnoliopsida","Malvales","Malvaceae","Malvastrum","Malvastrum coromandelianum",15254,3152268
"Tracheophyta","Magnoliopsida","Malvales","Malvaceae","Ochroma","Ochroma pyramidale",12029,3152240
"Tracheophyta","Magnoliopsida","Malvales","Malvaceae","Sida","Sida rhombifolia",43929,5406735
"Tracheophyta","Magnoliopsida","Malvales","Malvaceae","Sterculia","Sterculia apetala",3991,5406679
"Tracheophyta","Magnoliopsida","Malvales","Malvaceae","Sterculia","Sterculia foetida",1497,5406675
"Tracheophyta","Magnoliopsida","Malvales","Malvaceae","Thespesia","Thespesia populnea",12363,3152795
"Tracheophyta","Magnoliopsida","Malvales","Malvaceae","Tilia","Tilia platyphyllos",119957,3152048
"Tracheophyta","Magnoliopsida","Malvales","Malvaceae","Urena","Urena lobata",26976,3152253
"Tracheophyta","Magnoliopsida","Malvales","Malvaceae","Waltheria","Waltheria indica",29229,5406665
"Tracheophyta","Magnoliopsida","Malvales","Muntingiaceae","Muntingia","Muntingia calabura",19243,3152036
"Tracheophyta","Magnoliopsida","Malvales","Thymelaeaceae","Daphne","Daphne laureola",115539,5420853
"Tracheophyta","Magnoliopsida","Malvales","Thymelaeaceae","Wikstroemia","Wikstroemia indica",5694,5524676
"Tracheophyta","Magnoliopsida","Myrtales","Combretaceae","Guiera","Guiera senegalensis",4126,3699789
"Tracheophyta","Magnoliopsida","Myrtales","Combretaceae","Lumnitzera","Lumnitzera racemosa",3258,6435171
"Tracheophyta","Magnoliopsida","Myrtales","Combretaceae","Terminalia","Terminalia catappa",21927,3189394
"Tracheophyta","Magnoliopsida","Myrtales","Lythraceae","Punica","Punica granatum",46122,5420901
"Tracheophyta","Magnoliopsida","Myrtales","Lythraceae","Sonneratia","Sonneratia apetala",251,5635615
"Tracheophyta","Magnoliopsida","Myrtales","Melastomataceae","Bellucia","Bellucia pentamera",4542,3866517
"Tracheophyta","Magnoliopsida","Myrtales","Melastomataceae","Chaetogastra","Chaetogastra herbacea",1667,10770822
"Tracheophyta","Magnoliopsida","Myrtales","Melastomataceae","Heterotis","Heterotis rotundifolia",2691,5599385
"Tracheophyta","Magnoliopsida","Myrtales","Melastomataceae","Melastoma","Melastoma malabathricum",17179,3188511
"Tracheophyta","Magnoliopsida","Myrtales","Melastomataceae","Memecylon","Memecylon coeruleum",333,8755407
"Tracheophyta","Magnoliopsida","Myrtales","Melastomataceae","Miconia","Miconia bicolor",1268,3858919
"Tracheophyta","Magnoliopsida","Myrtales","Melastomataceae","Miconia","Miconia calvescens",97763,3188585
"Tracheophyta","Magnoliopsida","Myrtales","Melastomataceae","Miconia","Miconia crenata",18628,9404220
"Tracheophyta","Magnoliopsida","Myrtales","Melastomataceae","Miconia","Miconia leamarginata",1112,10755747
"Tracheophyta","Magnoliopsida","Myrtales","Melastomataceae","Miconia","Miconia nervosa",7187,3859839
"Tracheophyta","Magnoliopsida","Myrtales","Melastomataceae","Miconia","Miconia racemosa",1344,3188564
"Tracheophyta","Magnoliopsida","Myrtales","Melastomataceae","Pleroma","Pleroma urvilleanum",2739,10863132
"Tracheophyta","Magnoliopsida","Myrtales","Melastomataceae","Pleroma","Pleroma vimineum",522,5601255
"Tracheophyta","Magnoliopsida","Myrtales","Melastomataceae","Tristemma","Tristemma mauritianum",2640,3867175
"Tracheophyta","Magnoliopsida","Myrtales","Myrtaceae","Callistemon","Callistemon citrinus",4288,3173413
"Tracheophyta","Magnoliopsida","Myrtales","Myrtaceae","Callistemon","Callistemon rigidus",493,3173407
"Tracheophyta","Magnoliopsida","Myrtales","Myrtaceae","Callistemon","Callistemon viminalis",6051,3173353
"Tracheophyta","Magnoliopsida","Myrtales","Myrtaceae","Corymbia","Corymbia citriodora",8108,5418431
"Tracheophyta","Magnoliopsida","Myrtales","Myrtaceae","Eucalyptus","Eucalyptus camaldulensis",122087,11869920
"Tracheophyta","Magnoliopsida","Myrtales","Myrtaceae","Eucalyptus","Eucalyptus cinerea",2469,3176723
"Tracheophyta","Magnoliopsida","Myrtales","Myrtaceae","Eucalyptus","Eucalyptus cladocalyx",5566,3176313
"Tracheophyta","Magnoliopsida","Myrtales","Myrtaceae","Eucalyptus","Eucalyptus conferruminata",796,3177088
"Tracheophyta","Magnoliopsida","Myrtales","Myrtaceae","Eucalyptus","Eucalyptus globulus",153548,3176787
"Tracheophyta","Magnoliopsida","Myrtales","Myrtaceae","Eucalyptus","Eucalyptus grandis",6761,3177028
"Tracheophyta","Magnoliopsida","Myrtales","Myrtaceae","Eucalyptus","Eucalyptus megacornuta",250,3177324
"Tracheophyta","Magnoliopsida","Myrtales","Myrtaceae","Eucalyptus","Eucalyptus robusta",8582,3176743
"Tracheophyta","Magnoliopsida","Myrtales","Myrtaceae","Eugenia","Eugenia brasiliensis",2172,5416882
"Tracheophyta","Magnoliopsida","Myrtales","Myrtaceae","Eugenia","Eugenia uniflora",11873,5416458
"Tracheophyta","Magnoliopsida","Myrtales","Myrtaceae","Kunzea","Kunzea ericoides",11335,5419997
"Tracheophyta","Magnoliopsida","Myrtales","Myrtaceae","Leptospermum","Leptospermum laevigatum",7862,3181709
"Tracheophyta","Magnoliopsida","Myrtales","Myrtaceae","Leptospermum","Leptospermum polygalifolium",15483,3181788
"Tracheophyta","Magnoliopsida","Myrtales","Myrtaceae","Leptospermum","Leptospermum scoparium",21799,3181762
"Tracheophyta","Magnoliopsida","Myrtales","Myrtaceae","Melaleuca","Melaleuca hypericifolia",1389,5415972
"Tracheophyta","Magnoliopsida","Myrtales","Myrtaceae","Melaleuca","Melaleuca parvistaminea",1007,5415735
"Tracheophyta","Magnoliopsida","Myrtales","Myrtaceae","Melaleuca","Melaleuca quinquenervia",12542,5415832
"Tracheophyta","Magnoliopsida","Myrtales","Myrtaceae","Melaleuca","Melaleuca styphelioides",5514,5416005
"Tracheophyta","Magnoliopsida","Myrtales","Myrtaceae","Metrosideros","Metrosideros excelsa",4523,3185393
"Tracheophyta","Magnoliopsida","Myrtales","Myrtaceae","Pimenta","Pimenta dioica",2314,3186061
"Tracheophyta","Magnoliopsida","Myrtales","Myrtaceae","Psidium","Psidium cattleianum",18148,5420641
"Tracheophyta","Magnoliopsida","Myrtales","Myrtaceae","Psidium","Psidium guajava",40946,5420380
"Tracheophyta","Magnoliopsida","Myrtales","Myrtaceae","Psidium","Psidium guineense",9228,5420509
"Tracheophyta","Magnoliopsida","Myrtales","Myrtaceae","Rhodomyrtus","Rhodomyrtus tomentosa",4411,3179997
"Tracheophyta","Magnoliopsida","Myrtales","Myrtaceae","Syzygium","Syzygium australe",3651,3182605
"Tracheophyta","Magnoliopsida","Myrtales","Myrtaceae","Syzygium","Syzygium cumini",17584,3183840
"Tracheophyta","Magnoliopsida","Myrtales","Myrtaceae","Syzygium","Syzygium floribundum",1361,3182989
"Tracheophyta","Magnoliopsida","Myrtales","Myrtaceae","Syzygium","Syzygium jambos",12423,3183534
"Tracheophyta","Magnoliopsida","Myrtales","Myrtaceae","Syzygium","Syzygium malaccense",3283,3184509
"Tracheophyta","Magnoliopsida","Myrtales","Myrtaceae","Syzygium","Syzygium paniculatum",2235,3184108
"Tracheophyta","Magnoliopsida","Myrtales","Myrtaceae","Ugni","Ugni molinae",1078,3185043
"Tracheophyta","Magnoliopsida","Myrtales","Onagraceae","Fuchsia","Fuchsia boliviana",5312,5938225
"Tracheophyta","Magnoliopsida","Myrtales","Onagraceae","Fuchsia","Fuchsia exoniensis",58,6028939
"Tracheophyta","Magnoliopsida","Myrtales","Onagraceae","Fuchsia","Fuchsia magellanica",13273,5938224
"Tracheophyta","Magnoliopsida","Myrtales","Onagraceae","Fuchsia","Fuchsia paniculata",3457,5938223
"Tracheophyta","Magnoliopsida","Myrtales","Vochysiaceae","Vochysia","Vochysia divergens",688,4030794
"Tracheophyta","Magnoliopsida","Piperales","Piperaceae","Piper","Piper aduncum",17251,3086337
"Tracheophyta","Magnoliopsida","Proteales","Platanaceae","Platanus","Platanus hispanica",276426,7400250
"Tracheophyta","Magnoliopsida","Proteales","Proteaceae","Banksia","Banksia ericifolia",9437,7124454
"Tracheophyta","Magnoliopsida","Proteales","Proteaceae","Grevillea","Grevillea banksii",1994,2891792
"Tracheophyta","Magnoliopsida","Proteales","Proteaceae","Grevillea","Grevillea robusta",14224,2891791
"Tracheophyta","Magnoliopsida","Proteales","Proteaceae","Hakea","Hakea drupacea",870,3995995
"Tracheophyta","Magnoliopsida","Proteales","Proteaceae","Hakea","Hakea gibbosa",1450,3995628
"Tracheophyta","Magnoliopsida","Proteales","Proteaceae","Hakea","Hakea salicifolia",4126,7287627
"Tracheophyta","Magnoliopsida","Proteales","Proteaceae","Hakea","Hakea sericea",10998,7287606
"Tracheophyta","Magnoliopsida","Proteales","Proteaceae","Macadamia","Macadamia tetraphylla",1863,2891787
"Tracheophyta","Magnoliopsida","Ranunculales","Berberidaceae","Berberis","Berberis darwinii",5345,3033905
"Tracheophyta","Magnoliopsida","Ranunculales","Berberidaceae","Berberis","Berberis glaucocarpa",862,3981472
"Tracheophyta","Magnoliopsida","Ranunculales","Berberidaceae","Berberis","Berberis julianae",4995,3981543
"Tracheophyta","Magnoliopsida","Ranunculales","Berberidaceae","Berberis","Berberis microphylla",2531,7300375
"Tracheophyta","Magnoliopsida","Ranunculales","Berberidaceae","Berberis","Berberis thunbergii",61785,3033896
"Tracheophyta","Magnoliopsida","Ranunculales","Berberidaceae","Berberis","Berberis vulgaris",131267,3033894
"Tracheophyta","Magnoliopsida","Ranunculales","Berberidaceae","Mahonia","Mahonia aquifolium",86711,3033865
"Tracheophyta","Magnoliopsida","Ranunculales","Berberidaceae","Mahonia","Mahonia bealei",8897,3033888
"Tracheophyta","Magnoliopsida","Ranunculales","Berberidaceae","Nandina","Nandina domestica",30641,5371712
"Tracheophyta","Magnoliopsida","Rosales","Cannabaceae","Celtis","Celtis australis",39897,2984492
"Tracheophyta","Magnoliopsida","Rosales","Cannabaceae","Celtis","Celtis occidentalis",26214,2984481
"Tracheophyta","Magnoliopsida","Rosales","Cannabaceae","Celtis","Celtis sinensis",12536,4159594
"Tracheophyta","Magnoliopsida","Rosales","Cannabaceae","Trema","Trema orientale",14650,2984508
"Tracheophyta","Magnoliopsida","Rosales","Elaeagnaceae","Elaeagnus","Elaeagnus angustifolia",42287,3039269
"Tracheophyta","Magnoliopsida","Rosales","Elaeagnaceae","Elaeagnus","Elaeagnus pungens",7397,3039270
"Tracheophyta","Magnoliopsida","Rosales","Elaeagnaceae","Elaeagnus","Elaeagnus reflexa",805,4048279
"Tracheophyta","Magnoliopsida","Rosales","Elaeagnaceae","Elaeagnus","Elaeagnus umbellata",45224,3039267
"Tracheophyta","Magnoliopsida","Rosales","Elaeagnaceae","Hippophae","Hippophae rhamnoides",113085,3039285
"Tracheophyta","Magnoliopsida","Rosales","Moraceae","Artocarpus","Artocarpus heterophyllus",51082,2984565
"Tracheophyta","Magnoliopsida","Rosales","Moraceae","Broussonetia","Broussonetia papyrifera",57587,5361944
"Tracheophyta","Magnoliopsida","Rosales","Moraceae","Castilla","Castilla elastica",2287,7531920
"Tracheophyta","Magnoliopsida","Rosales","Moraceae","Ficus","Ficus altissima",1187,5361907
"Tracheophyta","Magnoliopsida","Rosales","Moraceae","Ficus","Ficus benghalensis",5883,5361919
"Tracheophyta","Magnoliopsida","Rosales","Moraceae","Ficus","Ficus benjamina",6243,5361932
"Tracheophyta","Magnoliopsida","Rosales","Moraceae","Ficus","Ficus carica",96304,5361909
"Tracheophyta","Magnoliopsida","Rosales","Moraceae","Ficus","Ficus microcarpa",10289,7467639
"Tracheophyta","Magnoliopsida","Rosales","Moraceae","Ficus","Ficus nota",333,5361915
"Tracheophyta","Magnoliopsida","Rosales","Moraceae","Ficus","Ficus religiosa",10826,5361935
"Tracheophyta","Magnoliopsida","Rosales","Moraceae","Maclura","Maclura pomifera",25871,2984580
"Tracheophyta","Magnoliopsida","Rosales","Moraceae","Morus","Morus alba",37842,5361889
"Tracheophyta","Magnoliopsida","Rosales","Rhamnaceae","Colubrina","Colubrina asiatica",4283,5372467
"Tracheophyta","Magnoliopsida","Rosales","Rhamnaceae","Frangula","Frangula alnus",495616,3039454
"Tracheophyta","Magnoliopsida","Rosales","Rhamnaceae","Hovenia","Hovenia dulcis",4149,3039410
"Tracheophyta","Magnoliopsida","Rosales","Rhamnaceae","Maesopsis","Maesopsis eminii",1446,3039521
"Tracheophyta","Magnoliopsida","Rosales","Rhamnaceae","Rhamnus","Rhamnus alaternus",98842,6371424
"Tracheophyta","Magnoliopsida","Rosales","Rhamnaceae","Rhamnus","Rhamnus cathartica",229990,3039491
"Tracheophyta","Magnoliopsida","Rosales","Rhamnaceae","Ziziphus","Ziziphus jujuba",15668,3039423
"Tracheophyta","Magnoliopsida","Rosales","Rhamnaceae","Ziziphus","Ziziphus mauritiana",13276,3039424
"Tracheophyta","Magnoliopsida","Rosales","Rhamnaceae","Ziziphus","Ziziphus spina-christi",6283,8228089
"Tracheophyta","Magnoliopsida","Rosales","Rosaceae","Amelanchier","Amelanchier humilis",22882,3023903
"Tracheophyta","Magnoliopsida","Rosales","Rosaceae","Amelanchier","Amelanchier lamarckii",44467,3024109
"Tracheophyta","Magnoliopsida","Rosales","Rosaceae","Amelanchier","Amelanchier utahensis",7709,3023964
"Tracheophyta","Magnoliopsida","Rosales","Rosaceae","Aronia","Aronia prunifolia",5408,5363613
"Tracheophyta","Magnoliopsida","Rosales","Rosaceae","Cotoneaster","Cotoneaster acutifolius",15104,3025770
"Tracheophyta","Magnoliopsida","Rosales","Rosaceae","Cotoneaster","Cotoneaster coriaceus",4053,3026035
"Tracheophyta","Magnoliopsida","Rosales","Rosaceae","Cotoneaster","Cotoneaster dielsianus",10692,3025896
"Tracheophyta","Magnoliopsida","Rosales","Rosaceae","Cotoneaster","Cotoneaster divaricatus",24615,3026334
"Tracheophyta","Magnoliopsida","Rosales","Rosaceae","Cotoneaster","Cotoneaster franchetii",17492,3026162
"Tracheophyta","Magnoliopsida","Rosales","Rosaceae","Cotoneaster","Cotoneaster glaucophyllus",7760,3025781
"Tracheophyta","Magnoliopsida","Rosales","Rosaceae","Cotoneaster","Cotoneaster horizontalis",26707,3025617
"Tracheophyta","Magnoliopsida","Rosales","Rosaceae","Cotoneaster","Cotoneaster integrifolius",2472,3026105
"Tracheophyta","Magnoliopsida","Rosales","Rosaceae","Cotoneaster","Cotoneaster microphyllus",2095,3025626
"Tracheophyta","Magnoliopsida","Rosales","Rosaceae","Cotoneaster","Cotoneaster pannosus",4063,3025572
"Tracheophyta","Magnoliopsida","Rosales","Rosaceae","Cotoneaster","Cotoneaster salicifolius",6680,3026074
"Tracheophyta","Magnoliopsida","Rosales","Rosaceae","Cotoneaster","Cotoneaster simonsii",7984,3026107
"Tracheophyta","Magnoliopsida","Rosales","Rosaceae","Crataegus","Crataegus monogyna",1067046,9220780
"Tracheophyta","Magnoliopsida","Rosales","Rosaceae","Photinia","Photinia serratifolia",3211,5364029
"Tracheophyta","Magnoliopsida","Rosales","Rosaceae","Physocarpus","Physocarpus opulifolius",23189,2988354
"Tracheophyta","Magnoliopsida","Rosales","Rosaceae","Prunus","Prunus cerasifera",112844,3021730
"Tracheophyta","Magnoliopsida","Rosales","Rosaceae","Prunus","Prunus cerasus",32534,3021922
"Tracheophyta","Magnoliopsida","Rosales","Rosaceae","Prunus","Prunus laurocerasus",199397,3021496
"Tracheophyta","Magnoliopsida","Rosales","Rosaceae","Prunus","Prunus mahaleb",123696,3022789
"Tracheophyta","Magnoliopsida","Rosales","Rosaceae","Prunus","Prunus padus",399252,3021037
"Tracheophyta","Magnoliopsida","Rosales","Rosaceae","Prunus","Prunus persica",45020,8149923
"Tracheophyta","Magnoliopsida","Rosales","Rosaceae","Pyracantha","Pyracantha angustifolia",3086,2988222
"Tracheophyta","Magnoliopsida","Rosales","Rosaceae","Pyracantha","Pyracantha coccinea",29325,2988188
"Tracheophyta","Magnoliopsida","Rosales","Rosaceae","Pyracantha","Pyracantha crenulata",1860,2988172
"Tracheophyta","Magnoliopsida","Rosales","Rosaceae","Pyracantha","Pyracantha fortuneana",4934,2988224
"Tracheophyta","Magnoliopsida","Rosales","Rosaceae","Pyracantha","Pyracantha koidzumii",846,2988162
"Tracheophyta","Magnoliopsida","Rosales","Rosaceae","Pyrus","Pyrus calleryana",169653,5363119
"Tracheophyta","Magnoliopsida","Rosales","Rosaceae","Rhaphiolepis","Rhaphiolepis bibas",52911,10786206
"Tracheophyta","Magnoliopsida","Rosales","Rosaceae","Rhodotypos","Rhodotypos scandens",6958,3032442
"Tracheophyta","Magnoliopsida","Rosales","Rosaceae","Rosa","Rosa bracteata",2876,12190776
"Tracheophyta","Magnoliopsida","Rosales","Rosaceae","Rosa","Rosa canina",373745,3002461
"Tracheophyta","Magnoliopsida","Rosales","Rosaceae","Rosa","Rosa laevigata",4849,3002751
"Tracheophyta","Magnoliopsida","Rosales","Rosaceae","Rosa","Rosa lucieae",3140,8667586
"Tracheophyta","Magnoliopsida","Rosales","Rosaceae","Rosa","Rosa multiflora",82438,3003244
"Tracheophyta","Magnoliopsida","Rosales","Rosaceae","Rosa","Rosa rubiginosa",77990,8174785
"Tracheophyta","Magnoliopsida","Rosales","Rosaceae","Rosa","Rosa rugosa",218331,3003979
"Tracheophyta","Magnoliopsida","Rosales","Rosaceae","Rosa","Rosa spinosissima",93437,3002333
"Tracheophyta","Magnoliopsida","Rosales","Rosaceae","Rubus","Rubus alceifolius",5430,2997267
"Tracheophyta","Magnoliopsida","Rosales","Rosaceae","Rubus","Rubus anglocandicans",7591,2991927
"Tracheophyta","Magnoliopsida","Rosales","Rosaceae","Rubus","Rubus argutus",5276,2990801
"Tracheophyta","Magnoliopsida","Rosales","Rosaceae","Rubus","Rubus armeniacus",67104,2996525
"Tracheophyta","Magnoliopsida","Rosales","Rosaceae","Rubus","Rubus bifrons",16585,2995779
"Tracheophyta","Magnoliopsida","Rosales","Rosaceae","Rubus","Rubus boyntonii",237,2988784
"Tracheophyta","Magnoliopsida","Rosales","Rosaceae","Rubus","Rubus caesius",380560,2995209
"Tracheophyta","Magnoliopsida","Rosales","Rosaceae","Rubus","Rubus cissburiensis",1696,2997787
"Tracheophyta","Magnoliopsida","Rosales","Rosaceae","Rubus","Rubus cuneifolius",2782,2996841
"Tracheophyta","Magnoliopsida","Rosales","Rosaceae","Rubus","Rubus echinatus",1656,2997155
"Tracheophyta","Magnoliopsida","Rosales","Rosaceae","Rubus","Rubus ellipticus",3184,2991314
"Tracheophyta","Magnoliopsida","Rosales","Rosaceae","Rubus","Rubus erythrops",283,2996148
"Tracheophyta","Magnoliopsida","Rosales","Rosaceae","Rubus","Rubus flagellaris",7439,2992071
"Tracheophyta","Magnoliopsida","Rosales","Rosaceae","Rubus","Rubus fruticosus",248145,8436459
"Tracheophyta","Magnoliopsida","Rosales","Rosaceae","Rubus","Rubus idaeus",598618,2993094
"Tracheophyta","Magnoliopsida","Rosales","Rosaceae","Rubus","Rubus illecebrosus",1008,2995508
"Tracheophyta","Magnoliopsida","Rosales","Rosaceae","Rubus","Rubus laciniatus",28136,2992543
"Tracheophyta","Magnoliopsida","Rosales","Rosaceae","Rubus","Rubus laudatus",2194,2991179
"Tracheophyta","Magnoliopsida","Rosales","Rosaceae","Rubus","Rubus leightonii",600,2994435
"Tracheophyta","Magnoliopsida","Rosales","Rosaceae","Rubus","Rubus leptothyrsos",1182,7713259
"Tracheophyta","Magnoliopsida","Rosales","Rosaceae","Rubus","Rubus leucostachys",898,2993929
"Tracheophyta","Magnoliopsida","Rosales","Rosaceae","Rubus","Rubus loganobaccus",325,2990630
"Tracheophyta","Magnoliopsida","Rosales","Rosaceae","Rubus","Rubus macrophyllus",6087,2991019
"Tracheophyta","Magnoliopsida","Rosales","Rosaceae","Rubus","Rubus moluccanus",7669,2993394
"Tracheophyta","Magnoliopsida","Rosales","Rosaceae","Rubus","Rubus niveus",3864,2989183
"Tracheophyta","Magnoliopsida","Rosales","Rosaceae","Rubus","Rubus parvifolius",27090,2991373
"Tracheophyta","Magnoliopsida","Rosales","Rosaceae","Rubus","Rubus phaeocarpus",222,2992875
"Tracheophyta","Magnoliopsida","Rosales","Rosaceae","Rubus","Rubus phoenicolasius",43037,2995149
"Tracheophyta","Magnoliopsida","Rosales","Rosaceae","Rubus","Rubus pinnatus",1165,2995015
"Tracheophyta","Magnoliopsida","Rosales","Rosaceae","Rubus","Rubus polyanthemus",6339,2997827
"Tracheophyta","Magnoliopsida","Rosales","Rosaceae","Rubus","Rubus riddelsdellii",417,2995926
"Tracheophyta","Magnoliopsida","Rosales","Rosaceae","Rubus","Rubus rosifolius",12369,8234521
"Tracheophyta","Magnoliopsida","Rosales","Rosaceae","Rubus","Rubus rubritinctus",2089,2992281
"Tracheophyta","Magnoliopsida","Rosales","Rosaceae","Rubus","Rubus rugosus",181,8229216
"Tracheophyta","Magnoliopsida","Rosales","Rosaceae","Rubus","Rubus spectabilis",38604,2993761
"Tracheophyta","Magnoliopsida","Rosales","Rosaceae","Rubus","Rubus ulmifolius",149594,2996929
"Tracheophyta","Magnoliopsida","Rosales","Rosaceae","Rubus","Rubus vestitus",13588,8289268
"Tracheophyta","Magnoliopsida","Rosales","Rosaceae","Sorbaria","Sorbaria sorbifolia",28793,3012089
"Tracheophyta","Magnoliopsida","Rosales","Rosaceae","Sorbaronia","Sorbaronia arsenii",2109,2987867
"Tracheophyta","Magnoliopsida","Rosales","Rosaceae","Sorbus","Sorbus aucuparia",978130,3012167
"Tracheophyta","Magnoliopsida","Rosales","Rosaceae","Spiraea","Spiraea alba",27256,3026585
"Tracheophyta","Magnoliopsida","Rosales","Rosaceae","Spiraea","Spiraea billardii",10468,7889822
"Tracheophyta","Magnoliopsida","Rosales","Rosaceae","Spiraea","Spiraea chamaedryfolia",8559,3026406
"Tracheophyta","Magnoliopsida","Rosales","Rosaceae","Spiraea","Spiraea douglasii",16116,3027159
"Tracheophyta","Magnoliopsida","Rosales","Rosaceae","Spiraea","Spiraea japonica",30690,8170635
"Tracheophyta","Magnoliopsida","Rosales","Rosaceae","Spiraea","Spiraea media",7281,3027231
"Tracheophyta","Magnoliopsida","Rosales","Rosaceae","Spiraea","Spiraea rosalba",6656,3027332
"Tracheophyta","Magnoliopsida","Rosales","Rosaceae","Spiraea","Spiraea tomentosa",12429,3026819
"Tracheophyta","Magnoliopsida","Rosales","Rosaceae","Stranvaesia","Stranvaesia davidiana",3875,3000406
"Tracheophyta","Magnoliopsida","Rosales","Ulmaceae","Ulmus","Ulmus minor",286149,5361865
"Tracheophyta","Magnoliopsida","Rosales","Ulmaceae","Ulmus","Ulmus parvifolia",14157,5361869
"Tracheophyta","Magnoliopsida","Rosales","Ulmaceae","Ulmus","Ulmus pumila",16521,5361877
"Tracheophyta","Magnoliopsida","Rosales","Urticaceae","Cecropia","Cecropia obtusifolia",3173,2984473
"Tracheophyta","Magnoliopsida","Rosales","Urticaceae","Cecropia","Cecropia pachystachya",6143,4013385
"Tracheophyta","Magnoliopsida","Rosales","Urticaceae","Cecropia","Cecropia peltata",25418,2984476
"Tracheophyta","Magnoliopsida","Rosales","Urticaceae","Pipturus","Pipturus argenteus",5443,6414892
"Tracheophyta","Magnoliopsida","Santalales","Santalaceae","Santalum","Santalum album",2512,2889785
"Tracheophyta","Magnoliopsida","Sapindales","Anacardiaceae","Anacardium","Anacardium occidentale",14866,5421368
"Tracheophyta","Magnoliopsida","Sapindales","Anacardiaceae","Mangifera","Mangifera indica",70299,3190638
"Tracheophyta","Magnoliopsida","Sapindales","Anacardiaceae","Pistacia","Pistacia atlantica",5142,3190581
"Tracheophyta","Magnoliopsida","Sapindales","Anacardiaceae","Pistacia","Pistacia chinensis",8243,3190586
"Tracheophyta","Magnoliopsida","Sapindales","Anacardiaceae","Rhus","Rhus typhina",94933,3190538
"Tracheophyta","Magnoliopsida","Sapindales","Anacardiaceae","Schinus","Schinus lentiscifolia",818,4928871
"Tracheophyta","Magnoliopsida","Sapindales","Anacardiaceae","Schinus","Schinus molle",21302,3190642
"Tracheophyta","Magnoliopsida","Sapindales","Anacardiaceae","Schinus","Schinus polygama",2457,4928873
"Tracheophyta","Magnoliopsida","Sapindales","Anacardiaceae","Schinus","Schinus terebinthifolia",30317,3660419
"Tracheophyta","Magnoliopsida","Sapindales","Anacardiaceae","Searsia","Searsia lancea",2923,5421370
"Tracheophyta","Magnoliopsida","Sapindales","Anacardiaceae","Searsia","Searsia longipes",1941,7321774
"Tracheophyta","Magnoliopsida","Sapindales","Anacardiaceae","Searsia","Searsia pendulina",493,5544263
"Tracheophyta","Magnoliopsida","Sapindales","Anacardiaceae","Spondias","Spondias mombin",41314,8185571
"Tracheophyta","Magnoliopsida","Sapindales","Anacardiaceae","Toxicodendron","Toxicodendron succedaneum",5928,3190624
"Tracheophyta","Magnoliopsida","Sapindales","Meliaceae","Azadirachta","Azadirachta indica",33502,3190474
"Tracheophyta","Magnoliopsida","Sapindales","Meliaceae","Cedrela","Cedrela odorata",19284,3190511
"Tracheophyta","Magnoliopsida","Sapindales","Meliaceae","Chukrasia","Chukrasia tabularis",861,4934732
"Tracheophyta","Magnoliopsida","Sapindales","Meliaceae","Khaya","Khaya senegalensis",9710,3190508
"Tracheophyta","Magnoliopsida","Sapindales","Meliaceae","Melia","Melia azedarach",53881,5914287
"Tracheophyta","Magnoliopsida","Sapindales","Meliaceae","Sandoricum","Sandoricum koetjape",2135,3850843
"Tracheophyta","Magnoliopsida","Sapindales","Meliaceae","Toona","Toona ciliata",7389,3190472
"Tracheophyta","Magnoliopsida","Sapindales","Rutaceae","Citrus","Citrus aurantiifolia",2566,3190164
"Tracheophyta","Magnoliopsida","Sapindales","Rutaceae","Citrus","Citrus aurantium",9934,8077391
"Tracheophyta","Magnoliopsida","Sapindales","Rutaceae","Citrus","Citrus limon",4699,7647136
"Tracheophyta","Magnoliopsida","Sapindales","Rutaceae","Citrus","Citrus reticulata",2501,3190172
"Tracheophyta","Magnoliopsida","Sapindales","Rutaceae","Clausena","Clausena excavata",2409,5834596
"Tracheophyta","Magnoliopsida","Sapindales","Rutaceae","Murraya","Murraya paniculata",11419,8190743
"Tracheophyta","Magnoliopsida","Sapindales","Rutaceae","Phellodendron","Phellodendron amurense",8325,3190154
"Tracheophyta","Magnoliopsida","Sapindales","Rutaceae","Triphasia","Triphasia trifolia",1252,3190406
"Tracheophyta","Magnoliopsida","Sapindales","Rutaceae","Zanthoxylum","Zanthoxylum americanum",8693,3190089
"Tracheophyta","Magnoliopsida","Sapindales","Sapindaceae","Acer","Acer buergerianum",2600,7100404
"Tracheophyta","Magnoliopsida","Sapindales","Sapindaceae","Acer","Acer negundo",185796,3189866
"Tracheophyta","Magnoliopsida","Sapindales","Sapindaceae","Acer","Acer platanoides",638147,3189846
"Tracheophyta","Magnoliopsida","Sapindales","Sapindaceae","Acer","Acer pseudoplatanus",876295,3189870
"Tracheophyta","Magnoliopsida","Sapindales","Sapindaceae","Acer","Acer rufinerve",5100,7263145
"Tracheophyta","Magnoliopsida","Sapindales","Sapindaceae","Acer","Acer saccharinum",82329,3189837
"Tracheophyta","Magnoliopsida","Sapindales","Sapindaceae","Acer","Acer tataricum",29205,3189843
"Tracheophyta","Magnoliopsida","Sapindales","Sapindaceae","Blighia","Blighia sapida",3110,3189955
"Tracheophyta","Magnoliopsida","Sapindales","Sapindaceae","Cupaniopsis","Cupaniopsis anacardioides",7589,3189958
"Tracheophyta","Magnoliopsida","Sapindales","Sapindaceae","Melicoccus","Melicoccus bijugatus",4592,3189990
"Tracheophyta","Magnoliopsida","Sapindales","Sapindaceae","Sapindus","Sapindus mukorossi",2921,5421133
"Tracheophyta","Magnoliopsida","Sapindales","Sapindaceae","Sapindus","Sapindus saponaria",11183,8017915
"Tracheophyta","Magnoliopsida","Sapindales","Sapindaceae","Schleichera","Schleichera oleosa",1153,3189945
"Tracheophyta","Magnoliopsida","Sapindales","Simaroubaceae","Ailanthus","Ailanthus altissima",166844,3190653
"Tracheophyta","Magnoliopsida","Sapindales","Simaroubaceae","Simarouba","Simarouba amara",6375,7720664
"Tracheophyta","Magnoliopsida","Saxifragales","Grossulariaceae","Ribes","Ribes rubrum",167724,2986097
"Tracheophyta","Magnoliopsida","Solanales","Convolvulaceae","Ipomoea","Ipomoea carnea",8155,2928590
"Tracheophyta","Magnoliopsida","Solanales","Solanaceae","Brugmansia","Brugmansia candida",2022,9099468
"Tracheophyta","Magnoliopsida","Solanales","Solanaceae","Brugmansia","Brugmansia suaveolens",4684,5341758
"Tracheophyta","Magnoliopsida","Solanales","Solanaceae","Cestrum","Cestrum aurantiacum",2710,2928790
"Tracheophyta","Magnoliopsida","Solanales","Solanaceae","Cestrum","Cestrum auriculatum",458,3797504
"Tracheophyta","Magnoliopsida","Solanales","Solanaceae","Cestrum","Cestrum elegans",1950,6403186
"Tracheophyta","Magnoliopsida","Solanales","Solanaceae","Cestrum","Cestrum laevigatum",3837,7300082
"Tracheophyta","Magnoliopsida","Solanales","Solanaceae","Cestrum","Cestrum nocturnum",6355,2928791
"Tracheophyta","Magnoliopsida","Solanales","Solanaceae","Cestrum","Cestrum parqui",3221,2928792
"Tracheophyta","Magnoliopsida","Solanales","Solanaceae","Lycium","Lycium barbarum",33754,2928835
"Tracheophyta","Magnoliopsida","Solanales","Solanaceae","Lycium","Lycium ferocissimum",147036,3797394
"Tracheophyta","Magnoliopsida","Solanales","Solanaceae","Nicotiana","Nicotiana glauca",43939,2928783
"Tracheophyta","Magnoliopsida","Solanales","Solanaceae","Solanum","Solanum aviculare",5213,2930210
"Tracheophyta","Magnoliopsida","Solanales","Solanaceae","Solanum","Solanum betaceum",3695,2930216
"Tracheophyta","Magnoliopsida","Solanales","Solanaceae","Solanum","Solanum diphyllum",7562,2931088
"Tracheophyta","Magnoliopsida","Solanales","Solanaceae","Solanum","Solanum erianthum",10012,2931461
"Tracheophyta","Magnoliopsida","Solanales","Solanaceae","Solanum","Solanum giganteum",1056,2930578
"Tracheophyta","Magnoliopsida","Solanales","Solanaceae","Solanum","Solanum incanum",2393,2929691
"Tracheophyta","Magnoliopsida","Solanales","Solanaceae","Solanum","Solanum linnaeanum",6979,2929062
"Tracheophyta","Magnoliopsida","Solanales","Solanaceae","Solanum","Solanum marginatum",1424,7538163
"Tracheophyta","Magnoliopsida","Solanales","Solanaceae","Solanum","Solanum mauritianum",28946,2931469
"Tracheophyta","Magnoliopsida","Solanales","Solanaceae","Solanum","Solanum pseudocapsicum",17653,2931104
"Tracheophyta","Magnoliopsida","Solanales","Solanaceae","Solanum","Solanum robustum",1322,2931442
"Tracheophyta","Magnoliopsida","Solanales","Solanaceae","Solanum","Solanum tampicense",685,2929938
"Tracheophyta","Magnoliopsida","Solanales","Solanaceae","Solanum","Solanum torvum",19026,2932389
"Tracheophyta","Magnoliopsida","Solanales","Solanaceae","Solanum","Solanum viarum",27245,2931914
"Tracheophyta","Magnoliopsida","Solanales","Solanaceae","Solanum","Solanum wrightii",963,2931500
"Tracheophyta","Pinopsida","Pinales","Araucariaceae","Araucaria","Araucaria araucana",4106,2684984
"Tracheophyta","Pinopsida","Pinales","Cupressaceae","Cryptomeria","Cryptomeria japonica",14824,5284237
"Tracheophyta","Pinopsida","Pinales","Cupressaceae","Cupressus","Cupressus lusitanica",15654,2684046
"Tracheophyta","Pinopsida","Pinales","Cupressaceae","Juniperus","Juniperus bermudiana",403,2684610
"Tracheophyta","Pinopsida","Pinales","Cupressaceae","Juniperus","Juniperus communis",693440,2684709
"Tracheophyta","Pinopsida","Pinales","Cupressaceae","Juniperus","Juniperus virginiana",58358,2684391
"Tracheophyta","Pinopsida","Pinales","Cupressaceae","Tetraclinis","Tetraclinis articulata",2140,2684184
"Tracheophyta","Pinopsida","Pinales","Cupressaceae","Thuja","Thuja plicata",34056,2684171
"Tracheophyta","Pinopsida","Pinales","Pinaceae","Abies","Abies balsamea",28225,2685383
"Tracheophyta","Pinopsida","Pinales","Pinaceae","Abies","Abies grandis",18445,2685361
"Tracheophyta","Pinopsida","Pinales","Pinaceae","Abies","Abies procera",4310,2685308
"Tracheophyta","Pinopsida","Pinales","Pinaceae","Larix","Larix decidua",185615,2686212
"Tracheophyta","Pinopsida","Pinales","Pinaceae","Larix","Larix kaempferi",17649,2686157
"Tracheophyta","Pinopsida","Pinales","Pinaceae","Picea","Picea abies",830347,5284884
"Tracheophyta","Pinopsida","Pinales","Pinaceae","Picea","Picea sitchensis",91478,5284827
"Tracheophyta","Pinopsida","Pinales","Pinaceae","Pinus","Pinus banksiana",10929,5285533
"Tracheophyta","Pinopsida","Pinales","Pinaceae","Pinus","Pinus brutia",2399,5285710
"Tracheophyta","Pinopsida","Pinales","Pinaceae","Pinus","Pinus canariensis",7871,5285243
"Tracheophyta","Pinopsida","Pinales","Pinaceae","Pinus","Pinus caribaea",2016,5285740
"Tracheophyta","Pinopsida","Pinales","Pinaceae","Pinus","Pinus clausa",2984,5285768
"Tracheophyta","Pinopsida","Pinales","Pinaceae","Pinus","Pinus contorta",41876,5285750
"Tracheophyta","Pinopsida","Pinales","Pinaceae","Pinus","Pinus elliottii",6661,5285777
"Tracheophyta","Pinopsida","Pinales","Pinaceae","Pinus","Pinus glabra",1857,5285140
"Tracheophyta","Pinopsida","Pinales","Pinaceae","Pinus","Pinus halepensis",386865,5285604
"Tracheophyta","Pinopsida","Pinales","Pinaceae","Pinus","Pinus kesiya",904,5285824
"Tracheophyta","Pinopsida","Pinales","Pinaceae","Pinus","Pinus koraiensis",2691,5284979
"Tracheophyta","Pinopsida","Pinales","Pinaceae","Pinus","Pinus luchuensis",441,5285182
"Tracheophyta","Pinopsida","Pinales","Pinaceae","Pinus","Pinus mugo",68903,5285385
"Tracheophyta","Pinopsida","Pinales","Pinaceae","Pinus","Pinus muricata",2468,5285595
"Tracheophyta","Pinopsida","Pinales","Pinaceae","Pinus","Pinus nigra",190383,5284809
"Tracheophyta","Pinopsida","Pinales","Pinaceae","Pinus","Pinus oocarpa",3322,5285220
"Tracheophyta","Pinopsida","Pinales","Pinaceae","Pinus","Pinus patula",10069,5285090
"Tracheophyta","Pinopsida","Pinales","Pinaceae","Pinus","Pinus pinaster",542086,5285565
"Tracheophyta","Pinopsida","Pinales","Pinaceae","Pinus","Pinus pinea",322026,5285165
"Tracheophyta","Pinopsida","Pinales","Pinaceae","Pinus","Pinus ponderosa",57387,5285053
"Tracheophyta","Pinopsida","Pinales","Pinaceae","Pinus","Pinus radiata",49805,5285727
"Tracheophyta","Pinopsida","Pinales","Pinaceae","Pinus","Pinus strobus",93343,5284982
"Tracheophyta","Pinopsida","Pinales","Pinaceae","Pinus","Pinus sylvestris",953508,5285637
"Tracheophyta","Pinopsida","Pinales","Pinaceae","Pinus","Pinus taeda",11091,5285241
"Tracheophyta","Pinopsida","Pinales","Pinaceae","Pseudotsuga","Pseudotsuga menziesii",125386,2685796
"Tracheophyta","Pinopsida","Pinales","Pinaceae","Tsuga","Tsuga heterophylla",25419,2687210
"Tracheophyta","Pinopsida","Pinales","Podocarpaceae","Afrocarpus","Afrocarpus falcatus",2551,2687632
"Tracheophyta","Pinopsida","Pinales","Podocarpaceae","Nageia","Nageia nagi",1809,2687779
"Tracheophyta","Polypodiopsida","Cyatheales","Cyatheaceae","Sphaeropteris","Sphaeropteris cooperi",4600,5274893
"Tracheophyta","Polypodiopsida","Cyatheales","Dicksoniaceae","Dicksonia","Dicksonia antarctica",17859,7498955
