"key","scientificName","decimalLatitude","decimalLongitude","issues","datasetKey","publishingOrgKey","installationKey","hostingOrganizationKey","publishingCountry","protocol","lastCrawled","lastParsed","crawlId","basisOfRecord","occurrenceStatus","establishmentMeans","taxonKey","kingdomKey","phylumKey","classKey","orderKey","familyKey","genusKey","speciesKey","acceptedTaxonKey","acceptedScientificName","kingdom","phylum","order","family","genus","species","genericName","specificEpithet","taxonRank","taxonomicStatus","iucnRedListCategory","dateIdentified","elevation","elevationAccuracy","continent","stateProvince","year","month","day","eventDate","startDayOfYear","endDayOfYear","modified","lastInterpreted","references","license","isSequenced","identifier","facts","relations","institutionKey","isInCluster","recordedBy","identifiedBy","geodeticDatum","class","countryCode","recordedByIDs","identifiedByIDs","gbifRegion","country","publishedByGbifRegion","rightsHolder","recordNumber","identifier.1","municipality","locality","collectionCode","gbifID","occurrenceID","catalogNumber","institutionCode","ownerInstitutionCode","occurrenceRemarks","collectionID","name","networkKeys","higherClassification","datasetName","institutionID","language","type","rights","verbatimEventDate","bibliographicCitation","higherGeography","preparations","vernacularName","county","nomenclaturalCode","georeferenceProtocol","fieldNumber","organismID","locationID","accessRights","georeferenceSources","individualCount","verbatimCoordinateSystem","georeferenceRemarks","typeStatus","collectionKey","habitat","taxonID"
"3467877318","Acioa edulis Prance",-4.427572,-62.311006,"cdc,incomis,inmafu,diffown","7aeb3ded-7443-4512-95f7-2ec7ab0f308c","a8d26b9b-a0c0-42b3-a479-b575f9b60793","b38ff2b7-c8af-454e-b5af-ee760f0d5bca","8595cd50-87c0-11dc-bb35-b8a03c50a862","BR","EML","2024-11-24T04:43:36.427+00:00","2024-11-24T05:45:47.613+00:00",474,"PRESERVED_SPECIMEN","PRESENT","native",2984895,6,7707728,220,1414,9111,2984893,2984895,2984895,"Acioa edulis Prance","Plantae","Tracheophyta","Malpighiales","Chrysobalanaceae","Acioa","Acioa edulis","Acioa","edulis","SPECIES","ACCEPTED","LC","2017-09-01T00:00:00",36,0,"SOUTH_AMERICA","Amazonas",2017,6,10,"2017-06-10",161,161,"2024-09-06T13:33:38.000+00:00","2024-11-24T05:45:47.613+00:00","https://specieslink.net/guid/295/17681","http://creativecommons.org/licenses/by/4.0/legalcode",FALSE,"https://specieslink.net/guid/295/17681","none","none","dcee9d65-f50b-435d-98f4-5aa875624b3e",FALSE,"Machado, CC","Machado, CC","WGS84","Magnoliopsida","BR","none","none","LATIN_AMERICA","Brazil","LATIN_AMERICA","Herbário do Instituto Federal de Educação, Ciência e Tecnologia do Amazonas","317","https://specieslink.net/guid/295/17681","Beruri","Reserva de Desenvolvimento Sustentável Piagaçu-Pur, Comunidade Uixi","EAFM","3467877318","https://specieslink.net/guid/295/17681","17681","IFAM","Instituto Federal de Educação, Ciência e Tecnologia","Árvore de 16 metros, 58cm DAP; base acanalada até os 3 metros, com raízes superficiais, ritidoma escamoso, casca viva vinho e fribrosa, alburno amarelo; comestível.; Capoeira, área próxima a roçados ; HA","https://specieslink.net/col/295","Acioa edulis Prance",NA,NA,NA,NA,NA,NA,NA,NA,NA,NA,NA,NA,NA,NA,NA,NA,NA,NA,NA,NA,NA,NA,NA,NA,NA,NA,NA
"4519441308","Acioa edulis Prance",-5.323056,-62.012222,"cdc,cdround,gass84,incomis,inmafu","cd6e21c8-9e8a-493a-8a76-fbf7862069e5","061b4f20-f241-11da-a328-b8a03c50a862","996e30f8-f762-11e1-a439-00145eb45e9a","061b4f20-f241-11da-a328-b8a03c50a862","GB","DWC_ARCHIVE","2024-12-05T22:22:11.903+00:00","2024-12-05T23:26:15.450+00:00",427,"PRESERVED_SPECIMEN","PRESENT",NA,2984895,6,7707728,220,1414,9111,2984893,2984895,2984895,"Acioa edulis Prance","Plantae","Tracheophyta","Malpighiales","Chrysobalanaceae","Acioa","Acioa edulis","Acioa","edulis","SPECIES","ACCEPTED","LC",NA,NA,NA,"SOUTH_AMERICA",NA,2010,9,20,"2010-09-20T00:00",263,263,"2023-02-15T13:40:09.257+00:00","2024-12-05T23:26:15.450+00:00",NA,"http://creativecommons.org/licenses/by/4.0/legalcode",FALSE,"K001577331","none","none","fa252605-26f6-426c-9892-94d071c2c77f",TRUE,"Prata, E.M.B.; Ferreira, J.R.M.; Souza, S.S.","Sothers, C.","WGS84","Magnoliopsida","BR","none","none","LATIN_AMERICA","Brazil","EUROPE",NA,"676","K001577331",NA,"Margem da BR-319, km 390-400 no sentido Manaus-Porto Velho","Herbarium","4519441308","http://specimens.kew.org/herbarium/K001577331","K001577331","K",NA,NA,NA,"Acioa edulis Prance","17abcf75-2f1e-46dd-bf75-a5b21dd02655","Chrysobalanaceae",NA,NA,NA,NA,NA,NA,NA,NA,NA,NA,NA,NA,NA,NA,NA,NA,NA,NA,NA,NA,NA,NA,NA,NA,NA
"1042688103","Acioa edulis Prance",-5.32312,-62.01,"gass84,gdativ,inmano","3cc6171e-8c52-4f65-ad7a-32c74e395f29","c0d9c91a-0f83-4819-bf7e-bb5e1184eb6b","ada4205f-679c-4a86-9759-ff652ac467b3","c0d9c91a-0f83-4819-bf7e-bb5e1184eb6b","BR","EML","2024-10-07T09:02:56.348+00:00","2024-10-07T09:08:20.812+00:00",353,"PRESERVED_SPECIMEN","PRESENT",NA,2984895,6,7707728,220,1414,9111,2984893,2984895,2984895,"Acioa edulis Prance","Plantae","Tracheophyta","Malpighiales","Chrysobalanaceae","Acioa","Acioa edulis","Acioa","edulis","SPECIES","ACCEPTED","LC","2010-11-01T00:00:00",0,0,"SOUTH_AMERICA","Amazonas",2010,9,20,"2010-09-20",263,263,"2014-09-26T00:00:00.000+00:00","2024-10-07T09:08:20.812+00:00",NA,"http://creativecommons.org/publicdomain/zero/1.0/legalcode",FALSE,"urn:catalog:inpa:herbarium:222691","none","none",NA,TRUE,"Mike Hopkins","Prata, E.M.B.","WGS84","Magnoliopsida","BR","none","none","LATIN_AMERICA","Brazil","LATIN_AMERICA","Instituto Nacional de Pesquisas da Amazônia (INPA)","676","urn:catalog:inpa:herbarium:222691",NA,"Margem da BR-319, km 390-400 no sentido Manaus - P","Coleção Botânica, Instituto Nacional de Pesquisas da Amazônia (INPA)","1042688103","urn:catalog:inpa:herbarium:222691","238982","Instituto Nacional de Pesquisas da Amazônia (INPA)",NA,NA,NA,"Acioa edulis Prance",NA,NA,"Coleção Botânica, Instituto Nacional de Pesquisas da Amazônia (INPA)","01.263.896/0015-60","pt","Collection","License Elements",NA,NA,NA,NA,NA,NA,NA,NA,NA,NA,NA,NA,NA,NA,NA,NA,NA,NA,NA,NA
"2998452150","Acioa edulis Prance",-4.885833,-65.153333,"cdc,cdround,gass84,iddativ,incomis,inmafu","803eb96c-4779-41e3-a511-fd124732774f","838537fc-4aeb-4980-8b58-97fbdcd1d91a","ecb15bdf-98de-4937-84f5-4f93ee9efc73","838537fc-4aeb-4980-8b58-97fbdcd1d91a","BR","EML","2024-07-01T12:09:09.350+00:00","2024-07-01T12:15:55.427+00:00",206,"PRESERVED_SPECIMEN","PRESENT",NA,2984895,6,7707728,220,1414,9111,2984893,2984895,2984895,"Acioa edulis Prance","Plantae","Tracheophyta","Malpighiales","Chrysobalanaceae","Acioa","Acioa edulis","Acioa","edulis","SPECIES","ACCEPTED","LC",NA,NA,NA,"SOUTH_AMERICA","Amazonas",2006,8,15,"2006-08-15",227,227,NA,"2024-07-01T12:15:55.427+00:00",NA,"http://creativecommons.org/licenses/by/4.0/legalcode",FALSE,"5494760","none","none","86257d69-69d1-42ba-88d6-266c5c7e39ed",TRUE,"Bastos, M.N.C.;Carvalho, A.C.",NA,"WGS84","Magnoliopsida","BR","none","none","LATIN_AMERICA","Brazil","LATIN_AMERICA","MG","2551","5494760","Coari","Coari","MG","2998452150","5494760","MG181234","MG",NA,NA,NA,"Acioa edulis Prance","4b0d8edb-7504-42c4-9349-63e86c01bf97",NA,NA,NA,NA,NA,NA,"2006-08-15","Herbário Virtual REFLORA Disponível em: http://herbariovirtualreflora.jbrj.gov.br/reflora/herbarioVirtual/ConsultaPublicoHVUC/ConsultaPublicoHVUC.do?idTestemunho=5494760",NA,NA,NA,NA,NA,NA,NA,NA,NA,NA,NA,NA,NA,NA,NA,NA,NA,NA
"4415945943","Acioa edulis Prance",-4.885833,-65.153333,"cdc,cdround,inmano","0c00cc8f-fd48-4771-acae-216bfc42dfc2","dbf378dd-b030-4049-bc9c-b5b8643e67cd","b38ff2b7-c8af-454e-b5af-ee760f0d5bca","8595cd50-87c0-11dc-bb35-b8a03c50a862","BR","EML","2024-12-02T21:48:55.821+00:00","2024-12-02T23:54:36.431+00:00",468,"PRESERVED_SPECIMEN","PRESENT","native",2984895,6,7707728,220,1414,9111,2984893,2984895,2984895,"Acioa edulis Prance","Plantae","Tracheophyta","Malpighiales","Chrysobalanaceae","Acioa","Acioa edulis","Acioa","edulis","SPECIES","ACCEPTED","LC",NA,NA,NA,"SOUTH_AMERICA","Amazonas",2006,8,15,"2006-08-15",227,227,"2024-10-01T00:00:12.000+00:00","2024-12-02T23:54:36.431+00:00","https://specieslink.net/guid/302/1413","http://creativecommons.org/licenses/by/4.0/legalcode",FALSE,"https://specieslink.net/guid/302/1413","none","none",NA,TRUE,"Bastos, M. de N do C.; Carvalho, A.C.",NA,"WGS84","Magnoliopsida","BR","none","none","LATIN_AMERICA","Brazil","LATIN_AMERICA","Herbário Profª. Drª. Marlene Freitas da Silva","2551","https://specieslink.net/guid/302/1413","Coari","Base da Petrolífera Geólogo Pedro de Moura. Mata ombrófila densa. Margem do rio Urucu.","MFS","4415945943","https://specieslink.net/guid/302/1413","1413","UEPA","Universidade do Estado do Pará","Árvore com cerca de 40m de altura. Frutos imaturos marrons claro. Habito: Árvore","https://specieslink.net/col/302","Acioa edulis Prance",NA,NA,NA,NA,NA,NA,NA,NA,NA,NA,NA,NA,NA,NA,NA,NA,NA,NA,NA,NA,NA,NA,NA,NA,NA,NA,NA
"4855632433","Acioa edulis Prance",-4.885833,-65.153333,"cdc,cdround,inmano","24217e09-f3b0-45a6-a0d5-e10b69a09370","dbf378dd-b030-4049-bc9c-b5b8643e67cd","b38ff2b7-c8af-454e-b5af-ee760f0d5bca","8595cd50-87c0-11dc-bb35-b8a03c50a862","BR","EML","2024-12-01T03:33:35.043+00:00","2024-12-01T03:33:45.320+00:00",305,"PRESERVED_SPECIMEN","PRESENT","native",2984895,6,7707728,220,1414,9111,2984893,2984895,2984895,"Acioa edulis Prance","Plantae","Tracheophyta","Malpighiales","Chrysobalanaceae","Acioa","Acioa edulis","Acioa","edulis","SPECIES","ACCEPTED","LC",NA,NA,NA,"SOUTH_AMERICA","Amazonas",2006,8,15,"2006-08-15",227,227,"2024-09-01T12:02:52.000+00:00","2024-12-01T03:33:45.320+00:00","https://specieslink.net/guid/469/124","http://creativecommons.org/licenses/by/4.0/legalcode",FALSE,"https://specieslink.net/guid/469/124","none","none",NA,TRUE,"Bastos, M. de N. do C.; Carvalho, A.C.M",NA,"WGS84","Magnoliopsida","BR","none","none","LATIN_AMERICA","Brazil","LATIN_AMERICA","Herbário Profª. Drª. Marlene Freitas da Silva - Coleção de Frutos","2551","https://specieslink.net/guid/469/124","Coari","Base da Petrolífera Geólogo Pedro de Moura. Estrada p/ porto Evandro. Mata ombrófila densa, margem do rio Urucu.","MFS-FRUTOS","4855632433","https://specieslink.net/guid/469/124","124","UEPA","Universidade do Estado do Pará","Fruto do tipo drupa, oblonga, coloração pardo-escura. Pericarpo rígido, lenhoso e esponjoso que encerra uma castanha com envoltório escuro, quase preto, envolvendo a semente de cor branca. Informações adicionais: As sementes são comidas cruas ou assadas, tal como fazem com a castanha-de-galinha. As sementes fornecem ainda um óleo, que pode ser usado na culinária ou na fabricação de sabão caseiro. Fonte: Cavalcante, P.B. (2010) - Frutas comestíveis na Amazônia; Costa-Singh, et al. (2012) - Caracterização e compostos bioativos do óleo de Castanha-de-cutia ( Couepia edulis).","https://specieslink.net/col/469","Acioa edulis Prance",NA,NA,NA,NA,NA,NA,NA,NA,NA,NA,NA,NA,NA,NA,NA,NA,NA,NA,NA,NA,NA,NA,NA,NA,NA,NA,NA
"1314908081","Acioa edulis Prance",-4.885833,-65.153333,"cdc,conti,cdround,cudc,cuiv,gass84,colmano,inmafu","318730e8-4140-4297-b03c-4d34d0b6e0bd","4f1aa16c-ac1f-4e25-95fa-70bd71b7a0b4","43d575e8-6726-46a9-9464-dca8952b0758","4f1aa16c-ac1f-4e25-95fa-70bd71b7a0b4","BR","EML","2023-12-05T16:46:15.427+00:00","2024-01-25T06:23:19.157+00:00",301,"PRESERVED_SPECIMEN","PRESENT",NA,2984895,6,7707728,220,1414,9111,2984893,2984895,2984895,"Acioa edulis Prance","Plantae","Tracheophyta","Malpighiales","Chrysobalanaceae","Acioa","Acioa edulis","Acioa","edulis","SPECIES","ACCEPTED","LC",NA,NA,NA,"SOUTH_AMERICA","Amazonas",2006,8,15,"2006-08-15",227,227,NA,"2024-01-25T06:23:19.157+00:00",NA,"http://creativecommons.org/licenses/by-nc/4.0/legalcode",FALSE,"MG181234","none","none","bd096872-1315-4d9a-87e9-152e4af6eee9",TRUE,"Bastos, M.N.C.; Carvalho, A.C.",NA,"WGS84","Magnoliopsida","BR","none","none","LATIN_AMERICA","Brazil","LATIN_AMERICA",NA,"2551","MG181234",NA,"Coari","HERBMG","1314908081","MG181234","MG181234","MPEG",NA,NA,NA,"Acioa edulis Prance",NA,NA,NA,NA,NA,NA,NA,NA,NA,"Amazonas, Coari","exsicata - 0","castanha de cutia","Coari",NA,NA,NA,NA,NA,NA,NA,NA,NA,NA,NA,NA,NA,NA
"1042695062","Acioa edulis Prance",-4.5048,-65.05,"gass84,gdativ,inmano","3cc6171e-8c52-4f65-ad7a-32c74e395f29","c0d9c91a-0f83-4819-bf7e-bb5e1184eb6b","ada4205f-679c-4a86-9759-ff652ac467b3","c0d9c91a-0f83-4819-bf7e-bb5e1184eb6b","BR","EML","2024-10-07T09:02:56.348+00:00","2024-10-07T09:08:21.055+00:00",353,"PRESERVED_SPECIMEN","PRESENT",NA,2984895,6,7707728,220,1414,9111,2984893,2984895,2984895,"Acioa edulis Prance","Plantae","Tracheophyta","Malpighiales","Chrysobalanaceae","Acioa","Acioa edulis","Acioa","edulis","SPECIES","ACCEPTED","LC","2008-01-01T00:00:00",0,0,"SOUTH_AMERICA","Amazonas",2005,9,15,"2005-09-15",258,258,"2014-09-26T00:00:00.000+00:00","2024-10-07T09:08:21.055+00:00",NA,"http://creativecommons.org/publicdomain/zero/1.0/legalcode",FALSE,"urn:catalog:inpa:herbarium:229328","none","none",NA,FALSE,"Mike Hopkins","Formiga, K.M.","WGS84","Magnoliopsida","BR","none","none","LATIN_AMERICA","Brazil","LATIN_AMERICA","Instituto Nacional de Pesquisas da Amazônia (INPA)","628","urn:catalog:inpa:herbarium:229328",NA,"Coari, Coari.","Coleção Botânica, Instituto Nacional de Pesquisas da Amazônia (INPA)","1042695062","urn:catalog:inpa:herbarium:229328","249576","Instituto Nacional de Pesquisas da Amazônia (INPA)",NA,NA,NA,"Acioa edulis Prance",NA,NA,"Coleção Botânica, Instituto Nacional de Pesquisas da Amazônia (INPA)","01.263.896/0015-60","pt","Collection","License Elements",NA,NA,NA,NA,NA,"Coari",NA,NA,NA,NA,NA,NA,NA,NA,NA,NA,NA,NA,NA,NA
"1042520545","Acioa edulis Prance",-7.9,-73.47,"gass84,gdativ,inmano","3cc6171e-8c52-4f65-ad7a-32c74e395f29","c0d9c91a-0f83-4819-bf7e-bb5e1184eb6b","ada4205f-679c-4a86-9759-ff652ac467b3","c0d9c91a-0f83-4819-bf7e-bb5e1184eb6b","BR","EML","2024-10-07T09:02:56.348+00:00","2024-10-07T09:08:16.583+00:00",353,"PRESERVED_SPECIMEN","PRESENT",NA,2984895,6,7707728,220,1414,9111,2984893,2984895,2984895,"Acioa edulis Prance","Plantae","Tracheophyta","Malpighiales","Chrysobalanaceae","Acioa","Acioa edulis","Acioa","edulis","SPECIES","ACCEPTED","LC","1999-01-01T00:00:00",0,0,"SOUTH_AMERICA","Acre",1991,11,8,"1991-11-08",312,312,"2014-09-26T00:00:00.000+00:00","2024-10-07T09:08:16.583+00:00",NA,"http://creativecommons.org/publicdomain/zero/1.0/legalcode",FALSE,"urn:catalog:inpa:herbarium:54658","none","none",NA,FALSE,"Mike Hopkins","Prance, G.T.","WGS84","Magnoliopsida","BR","none","none","LATIN_AMERICA","Brazil","LATIN_AMERICA","Instituto Nacional de Pesquisas da Amazônia (INPA)","10628","urn:catalog:inpa:herbarium:54658",NA,"Ramal do Banho a 5 Km da Sede do Município","Coleção Botânica, Instituto Nacional de Pesquisas da Amazônia (INPA)","1042520545","urn:catalog:inpa:herbarium:54658","182048","Instituto Nacional de Pesquisas da Amazônia (INPA)",NA,NA,NA,"Acioa edulis Prance",NA,NA,"Coleção Botânica, Instituto Nacional de Pesquisas da Amazônia (INPA)","01.263.896/0015-60","pt","Collection","License Elements",NA,NA,NA,NA,NA,"Mâncio Lima",NA,NA,NA,NA,NA,NA,NA,NA,NA,NA,NA,NA,NA,NA
"4975200906","Acioa edulis Prance",-2.883334,-67.833333,"cdc,cdround,gass84,incomis,inmafu","cd6e21c8-9e8a-493a-8a76-fbf7862069e5","061b4f20-f241-11da-a328-b8a03c50a862","996e30f8-f762-11e1-a439-00145eb45e9a","061b4f20-f241-11da-a328-b8a03c50a862","GB","DWC_ARCHIVE","2024-12-05T22:22:11.903+00:00","2024-12-05T23:25:04.359+00:00",427,"PRESERVED_SPECIMEN","PRESENT",NA,2984895,6,7707728,220,1414,9111,2984893,2984895,2984895,"Acioa edulis Prance","Plantae","Tracheophyta","Malpighiales","Chrysobalanaceae","Acioa","Acioa edulis","Acioa","edulis","SPECIES","ACCEPTED","LC",NA,NA,NA,"SOUTH_AMERICA",NA,1986,11,18,"1986-11-18T00:00",322,322,"2024-10-31T18:03:07.613+00:00","2024-12-05T23:25:04.359+00:00",NA,"http://creativecommons.org/licenses/by/4.0/legalcode",FALSE,"K001242073","none","none","fa252605-26f6-426c-9892-94d071c2c77f",TRUE,"Daly, D.C.; Cavalcante, P.B.; Venturiani, G.; Pinho, V.S.; dos Santos, A.G.",NA,"WGS84","Magnoliopsida","BR","none","none","LATIN_AMERICA","Brazil","EUROPE",NA,"4348","K001242073",NA,"Upper Rio Solimões.; Mun. Tonantins, Uitinga Pará, Rio Tonantins, 025 min. upstream by motorboat from confluence with Rio Solimões.","Herbarium","4975200906","http://specimens.kew.org/herbarium/K001242073","K001242073","K",NA,NA,NA,"Acioa edulis Prance","17abcf75-2f1e-46dd-bf75-a5b21dd02655","Chrysobalanaceae",NA,NA,NA,NA,NA,NA,NA,NA,NA,NA,NA,NA,NA,NA,NA,NA,NA,NA,NA,NA,NA,NA,NA,NA,NA
"1042699985","Acioa edulis Prance",-2.883333,-67.83,"gass84,gdativ,inmano","3cc6171e-8c52-4f65-ad7a-32c74e395f29","c0d9c91a-0f83-4819-bf7e-bb5e1184eb6b","ada4205f-679c-4a86-9759-ff652ac467b3","c0d9c91a-0f83-4819-bf7e-bb5e1184eb6b","BR","EML","2024-10-07T09:02:56.348+00:00","2024-10-07T09:08:21.146+00:00",353,"PRESERVED_SPECIMEN","PRESENT",NA,2984895,6,7707728,220,1414,9111,2984893,2984895,2984895,"Acioa edulis Prance","Plantae","Tracheophyta","Malpighiales","Chrysobalanaceae","Acioa","Acioa edulis","Acioa","edulis","SPECIES","ACCEPTED","LC",NA,0,0,"SOUTH_AMERICA","Amazonas",1986,11,18,"1986-11-18",322,322,"2014-09-26T00:00:00.000+00:00","2024-10-07T09:08:21.146+00:00",NA,"http://creativecommons.org/publicdomain/zero/1.0/legalcode",FALSE,"urn:catalog:inpa:herbarium:234255","none","none",NA,TRUE,"Mike Hopkins",NA,"WGS84","Magnoliopsida","BR","none","none","LATIN_AMERICA","Brazil","LATIN_AMERICA","Instituto Nacional de Pesquisas da Amazônia (INPA)","4348","urn:catalog:inpa:herbarium:234255",NA,"""""""Uitinga Pará"""", aprox. 25min. upstream by motoboard brow confluence with Rio Solimões. Scrub and low forest vegetation on white sand. On 2 nd collecting locality. In low forest""","Coleção Botânica, Instituto Nacional de Pesquisas da Amazônia (INPA)","1042699985","urn:catalog:inpa:herbarium:234255","217017","Instituto Nacional de Pesquisas da Amazônia (INPA)",NA,NA,NA,"Acioa edulis Prance",NA,NA,"Coleção Botânica, Instituto Nacional de Pesquisas da Amazônia (INPA)","01.263.896/0015-60","pt","Collection","License Elements",NA,NA,NA,NA,NA,"Tonantins",NA,NA,NA,NA,NA,NA,NA,NA,NA,NA,NA,NA,NA,NA
"1042503544","Acioa edulis Prance",-2.883333,-67.83,"gass84,gdativ,inmano","3cc6171e-8c52-4f65-ad7a-32c74e395f29","c0d9c91a-0f83-4819-bf7e-bb5e1184eb6b","ada4205f-679c-4a86-9759-ff652ac467b3","c0d9c91a-0f83-4819-bf7e-bb5e1184eb6b","BR","EML","2024-10-07T09:02:56.348+00:00","2024-10-07T09:08:15.737+00:00",353,"PRESERVED_SPECIMEN","PRESENT",NA,2984895,6,7707728,220,1414,9111,2984893,2984895,2984895,"Acioa edulis Prance","Plantae","Tracheophyta","Malpighiales","Chrysobalanaceae","Acioa","Acioa edulis","Acioa","edulis","SPECIES","ACCEPTED","LC",NA,0,0,"SOUTH_AMERICA","Amazonas",1986,11,18,"1986-11-18",322,322,"2014-09-26T00:00:00.000+00:00","2024-10-07T09:08:15.737+00:00",NA,"http://creativecommons.org/publicdomain/zero/1.0/legalcode",FALSE,"urn:catalog:inpa:herbarium:37471","none","none",NA,TRUE,"Mike Hopkins",NA,"WGS84","Magnoliopsida","BR","none","none","LATIN_AMERICA","Brazil","LATIN_AMERICA","Instituto Nacional de Pesquisas da Amazônia (INPA)","4348","urn:catalog:inpa:herbarium:37471",NA,"""""""Uitinga Pará"""", aprox. 25min. upstream by motoboard brow confluence with Rio Solimões. Scrub and low forest vegetation on white sand. On 2 nd collecting locality. In low forest""","Coleção Botânica, Instituto Nacional de Pesquisas da Amazônia (INPA)","1042503544","urn:catalog:inpa:herbarium:37471","217017","Instituto Nacional de Pesquisas da Amazônia (INPA)",NA,NA,NA,"Acioa edulis Prance",NA,NA,"Coleção Botânica, Instituto Nacional de Pesquisas da Amazônia (INPA)","01.263.896/0015-60","pt","Collection","License Elements",NA,NA,NA,NA,NA,"Tonantins",NA,NA,NA,NA,NA,NA,NA,NA,NA,NA,NA,NA,NA,NA
"1228496188","Couepia edulis (Prance) Prance",-5,-63,"gass84,ambcol,inmafu","90c853e6-56bd-480b-8e8f-6285c3f8d42b","7b8aff00-a9f8-11d8-944b-b8a03c50a862","3b84ff5b-79ce-427c-acb7-b4004e160f66","7b8aff00-a9f8-11d8-944b-b8a03c50a862","US","EML","2023-09-22T16:42:30.311+00:00","2024-01-25T11:00:07.787+00:00",313,"PRESERVED_SPECIMEN","PRESENT",NA,2984896,6,7707728,220,1414,9111,2984893,2984895,2984895,"Acioa edulis Prance","Plantae","Tracheophyta","Malpighiales","Chrysobalanaceae","Acioa","Acioa edulis","Couepia","edulis","SPECIES","SYNONYM","LC","1975-01-01T00:00:00",NA,NA,"SOUTH_AMERICA","Amazonas",1975,2,10,"1975-02-10",41,41,"2023-03-02T20:11:00.000+00:00","2024-01-25T11:00:07.787+00:00",NA,"http://creativecommons.org/publicdomain/zero/1.0/legalcode",FALSE,"72f408cd-f606-49b5-b370-7c363f452c91","none","none","689b4219-8256-4c6e-890b-2e81405d4c58",TRUE,"J. F. Ramos","G. T. Prance","WGS84","Magnoliopsida","BR","none","none","LATIN_AMERICA","Brazil","NORTH_AMERICA","The Field Museum of Natural History","P23251","72f408cd-f606-49b5-b370-7c363f452c91",NA,"Amazonas","Botany","1228496188","72f408cd-f606-49b5-b370-7c363f452c91","V0356665F","F","F",NA,"Botany","Couepia edulis (Prance) Prance",NA,"Plantae Spermatophyta Dicotyledoneae Chrysobalanaceae","seeds-22-sep-2023","F",NA,NA,NA,NA,NA,"South America, Brazil, Amazonas. [LL]",NA,NA,NA,"ICBN","TGN - Centroid","P 23251","392228","945bc7f7-f773-4410-8f63-dbf8bf61a8a0","http://fieldmuseum.org/about/copyright-information","Getty Thesaurus of Geographic Names (TGN)",NA,NA,NA,NA,NA,NA,NA
"1703064274","Couepia edulis (Prance) Prance",-4.134167,-63.1325,"cdc,conti,cdround,gass84,osiic,colmano,inmafu","aab0cf80-0c64-11dd-84d1-b8a03c50a862","c0758a16-296b-4ec3-97fd-8a057d9060f3","4346b227-ca68-4d54-8a77-909148492e0b","4c415e40-1e21-11de-9e40-a0d6ecebb8bf","SE","EML","2024-12-01T02:47:23.983+00:00","2024-12-01T03:03:34.755+00:00",954,"PRESERVED_SPECIMEN","PRESENT",NA,2984896,6,7707728,220,1414,9111,2984893,2984895,2984895,"Acioa edulis Prance","Plantae","Tracheophyta","Malpighiales","Chrysobalanaceae","Acioa","Acioa edulis","Couepia","edulis","SPECIES","SYNONYM","LC",NA,NA,NA,"SOUTH_AMERICA","Amazonas",1975,2,10,"1975-02-10",41,41,"2017-11-30T00:00:00.000+00:00","2024-12-01T03:03:34.755+00:00",NA,"http://creativecommons.org/licenses/by-nc/4.0/legalcode",FALSE,"LD:General:1852571","none","none","13edc77b-7023-4ddd-89c7-d883a480b294",FALSE,"J. F. Ramos",NA,"WGS84","Magnoliopsida","BR","none","none","LATIN_AMERICA","Brazil","EUROPE",NA,NA,"LD:General:1852571",NA,"Coari Airport","General","1703064274","LD:General:1852571","1852571","LD",NA,NA,NA,"Couepia edulis (Prance) Prance",NA,NA,NA,NA,NA,NA,NA,NA,NA,NA,NA,NA,NA,"ICN",NA,NA,NA,NA,NA,NA,1,"RT90",NA,NA,NA,NA,NA
"1228496054","Couepia edulis (Prance) Prance",-5,-63,"gass84,ambcol,inmafu","90c853e6-56bd-480b-8e8f-6285c3f8d42b","7b8aff00-a9f8-11d8-944b-b8a03c50a862","3b84ff5b-79ce-427c-acb7-b4004e160f66","7b8aff00-a9f8-11d8-944b-b8a03c50a862","US","EML","2023-09-22T16:42:30.311+00:00","2024-01-25T10:59:58.953+00:00",313,"PRESERVED_SPECIMEN","PRESENT",NA,2984896,6,7707728,220,1414,9111,2984893,2984895,2984895,"Acioa edulis Prance","Plantae","Tracheophyta","Malpighiales","Chrysobalanaceae","Acioa","Acioa edulis","Couepia","edulis","SPECIES","SYNONYM","LC","1974-01-01T00:00:00",NA,NA,"SOUTH_AMERICA","Amazonas",1974,5,11,"1974-05-11",131,131,"2023-03-02T20:11:00.000+00:00","2024-01-25T10:59:58.953+00:00",NA,"http://creativecommons.org/publicdomain/zero/1.0/legalcode",FALSE,"2ca1a9ae-7ae8-4c66-9ef9-cb13ebaaed93","none","none","689b4219-8256-4c6e-890b-2e81405d4c58",TRUE,"D. G. Campbell","G. T. Prance","WGS84","Magnoliopsida","BR","none","none","LATIN_AMERICA","Brazil","NORTH_AMERICA","The Field Museum of Natural History","P21130","2ca1a9ae-7ae8-4c66-9ef9-cb13ebaaed93",NA,"Amazonas","Botany","1228496054","2ca1a9ae-7ae8-4c66-9ef9-cb13ebaaed93","V0356664F","F","F",NA,"Botany","Couepia edulis (Prance) Prance",NA,"Plantae Spermatophyta Dicotyledoneae Chrysobalanaceae","seeds-22-sep-2023","F",NA,NA,NA,NA,NA,"South America, Brazil, Amazonas. [LL]",NA,NA,NA,"ICBN","TGN - Centroid","P 21130","392229","945bc7f7-f773-4410-8f63-dbf8bf61a8a0","http://fieldmuseum.org/about/copyright-information","Getty Thesaurus of Geographic Names (TGN)",NA,NA,NA,NA,NA,NA,NA
"1228625564","Couepia edulis (Prance) Prance",-10.8339,-52.8731,"gass84,ambcol,inmafu","90c853e6-56bd-480b-8e8f-6285c3f8d42b","7b8aff00-a9f8-11d8-944b-b8a03c50a862","3b84ff5b-79ce-427c-acb7-b4004e160f66","7b8aff00-a9f8-11d8-944b-b8a03c50a862","US","EML","2023-09-22T16:42:30.311+00:00","2024-01-25T11:00:00.449+00:00",313,"PRESERVED_SPECIMEN","PRESENT",NA,2984896,6,7707728,220,1414,9111,2984893,2984895,2984895,"Acioa edulis Prance","Plantae","Tracheophyta","Malpighiales","Chrysobalanaceae","Acioa","Acioa edulis","Couepia","edulis","SPECIES","SYNONYM","LC",NA,NA,NA,"SOUTH_AMERICA",NA,1973,8,19,"1973-08-19",231,231,"2023-03-02T20:58:00.000+00:00","2024-01-25T11:00:00.449+00:00",NA,"http://creativecommons.org/publicdomain/zero/1.0/legalcode",FALSE,"54f65ae4-d614-49b1-92d6-9bc98a139679","none","none","689b4219-8256-4c6e-890b-2e81405d4c58",TRUE,"E. Lleras et al.",NA,"WGS84","Magnoliopsida","BR","none","none","LATIN_AMERICA","Brazil","NORTH_AMERICA","The Field Museum of Natural History","P17397","54f65ae4-d614-49b1-92d6-9bc98a139679",NA,"Brazil","Botany","1228625564","54f65ae4-d614-49b1-92d6-9bc98a139679","V0184313F","F","F",NA,"Botany","Couepia edulis (Prance) Prance",NA,"Plantae Spermatophyta Dicotyledoneae Chrysobalanaceae","seeds-22-sep-2023","F",NA,NA,NA,NA,NA,"South America, Brazil, Amazonas, Peninsula between Rio Rio Solimões and Rio Içá, behind São Antônio do Içá",NA,NA,NA,"ICBN","TGN - Country Centroid",NA,"2860851","05c1442e-2962-4e4d-a8e3-180741317737","http://fieldmuseum.org/about/copyright-information","Getty Thesaurus of Geographic Names (TGN)",NA,NA,"Generalised COUNTRY centroid",NA,NA,NA,NA
"2997367879","Acioa edulis Prance",-8.316667,-65.683333,"cdc,cdround,gass84,iddativ,rdativ,colmafu,inmafu","a185d0c4-1a12-45c1-a729-2a7b058b528d","838537fc-4aeb-4980-8b58-97fbdcd1d91a","ecb15bdf-98de-4937-84f5-4f93ee9efc73","838537fc-4aeb-4980-8b58-97fbdcd1d91a","BR","EML","2023-11-22T02:20:25.911+00:00","2024-01-25T12:00:16.875+00:00",173,"PRESERVED_SPECIMEN","PRESENT",NA,2984895,6,7707728,220,1414,9111,2984893,2984895,2984895,"Acioa edulis Prance","Plantae","Tracheophyta","Malpighiales","Chrysobalanaceae","Acioa","Acioa edulis","Acioa","edulis","SPECIES","ACCEPTED","LC",NA,NA,NA,"SOUTH_AMERICA","Amazonas",1971,7,9,"1971-07-09",190,190,NA,"2024-01-25T12:00:16.875+00:00",NA,"http://creativecommons.org/licenses/by/4.0/legalcode",FALSE,"2423108","none","none","ab83e5ab-f4f7-4c9b-a1d5-eb779dfb9377",TRUE,"G. T. Prance",NA,"WGS84","Magnoliopsida","BR","none","none","LATIN_AMERICA","Brazil","LATIN_AMERICA","NY","14015","2423108",NA,"Rio Ituxi, vicinity of Bôca do Curuquetê","NY","2997367879","2423108","NY00406436","NY",NA,NA,NA,"Acioa edulis Prance","4b0d8edb-7504-42c4-9349-63e86c01bf97",NA,NA,NA,NA,NA,NA,"1971-07-09","Herbário Virtual REFLORA Disponível em: http://herbariovirtualreflora.jbrj.gov.br/reflora/herbarioVirtual/ConsultaPublicoHVUC/ConsultaPublicoHVUC.do?idTestemunho=2423108",NA,NA,NA,NA,NA,NA,NA,NA,NA,NA,NA,NA,NA,NA,"ISOTYPE","b2190553-4505-4fdd-8fff-065c8ca26f72",NA,NA
"2997370859","Acioa edulis Prance",-8.316667,-65.683333,"cdc,cdround,gass84,iddativ,rdativ,colmafu,inmafu","a185d0c4-1a12-45c1-a729-2a7b058b528d","838537fc-4aeb-4980-8b58-97fbdcd1d91a","ecb15bdf-98de-4937-84f5-4f93ee9efc73","838537fc-4aeb-4980-8b58-97fbdcd1d91a","BR","EML","2023-11-22T02:20:25.911+00:00","2024-01-25T12:00:16.796+00:00",173,"PRESERVED_SPECIMEN","PRESENT",NA,2984895,6,7707728,220,1414,9111,2984893,2984895,2984895,"Acioa edulis Prance","Plantae","Tracheophyta","Malpighiales","Chrysobalanaceae","Acioa","Acioa edulis","Acioa","edulis","SPECIES","ACCEPTED","LC",NA,NA,NA,"SOUTH_AMERICA","Amazonas",1971,7,9,"1971-07-09",190,190,NA,"2024-01-25T12:00:16.796+00:00",NA,"http://creativecommons.org/licenses/by/4.0/legalcode",FALSE,"2423109","none","none","ab83e5ab-f4f7-4c9b-a1d5-eb779dfb9377",TRUE,"G. T. Prance",NA,"WGS84","Magnoliopsida","BR","none","none","LATIN_AMERICA","Brazil","LATIN_AMERICA","NY","14015","2423109",NA,"Rio Ituxi, vicinity of Bôca do Curuquetê","NY","2997370859","2423109","NY00406437","NY",NA,NA,NA,"Acioa edulis Prance","4b0d8edb-7504-42c4-9349-63e86c01bf97",NA,NA,NA,NA,NA,NA,"1971-07-09","Herbário Virtual REFLORA Disponível em: http://herbariovirtualreflora.jbrj.gov.br/reflora/herbarioVirtual/ConsultaPublicoHVUC/ConsultaPublicoHVUC.do?idTestemunho=2423109",NA,NA,NA,NA,NA,NA,NA,NA,NA,NA,NA,NA,NA,NA,"ISOTYPE","b2190553-4505-4fdd-8fff-065c8ca26f72",NA,NA
"2997373856","Acioa edulis Prance",-8.316667,-65.683333,"cdc,cdround,gass84,iddativ,rdativ,colmafu,inmafu","a185d0c4-1a12-45c1-a729-2a7b058b528d","838537fc-4aeb-4980-8b58-97fbdcd1d91a","ecb15bdf-98de-4937-84f5-4f93ee9efc73","838537fc-4aeb-4980-8b58-97fbdcd1d91a","BR","EML","2023-11-22T02:20:25.911+00:00","2024-01-25T12:00:17.137+00:00",173,"PRESERVED_SPECIMEN","PRESENT",NA,2984895,6,7707728,220,1414,9111,2984893,2984895,2984895,"Acioa edulis Prance","Plantae","Tracheophyta","Malpighiales","Chrysobalanaceae","Acioa","Acioa edulis","Acioa","edulis","SPECIES","ACCEPTED","LC",NA,NA,NA,"SOUTH_AMERICA","Amazonas",1971,7,9,"1971-07-09",190,190,NA,"2024-01-25T12:00:17.137+00:00",NA,"http://creativecommons.org/licenses/by/4.0/legalcode",FALSE,"2423110","none","none","ab83e5ab-f4f7-4c9b-a1d5-eb779dfb9377",TRUE,"G. T. Prance",NA,"WGS84","Magnoliopsida","BR","none","none","LATIN_AMERICA","Brazil","LATIN_AMERICA","NY","14015","2423110",NA,"Rio Ituxi, vicinity of Bôca do Curuquetê","NY","2997373856","2423110","NY00406438","NY",NA,NA,NA,"Acioa edulis Prance","4b0d8edb-7504-42c4-9349-63e86c01bf97",NA,NA,NA,NA,NA,NA,"1971-07-09","Herbário Virtual REFLORA Disponível em: http://herbariovirtualreflora.jbrj.gov.br/reflora/herbarioVirtual/ConsultaPublicoHVUC/ConsultaPublicoHVUC.do?idTestemunho=2423110",NA,NA,NA,NA,NA,NA,NA,NA,NA,NA,NA,NA,NA,NA,"ISOTYPE","b2190553-4505-4fdd-8fff-065c8ca26f72",NA,NA
"2997365870","Acioa edulis Prance",-8.316667,-65.683333,"cdc,cdround,gass84,iddativ,rdativ,colmafu,inmafu","a185d0c4-1a12-45c1-a729-2a7b058b528d","838537fc-4aeb-4980-8b58-97fbdcd1d91a","ecb15bdf-98de-4937-84f5-4f93ee9efc73","838537fc-4aeb-4980-8b58-97fbdcd1d91a","BR","EML","2023-11-22T02:20:25.911+00:00","2024-01-25T12:00:17.090+00:00",173,"PRESERVED_SPECIMEN","PRESENT",NA,2984895,6,7707728,220,1414,9111,2984893,2984895,2984895,"Acioa edulis Prance","Plantae","Tracheophyta","Malpighiales","Chrysobalanaceae","Acioa","Acioa edulis","Acioa","edulis","SPECIES","ACCEPTED","LC",NA,NA,NA,"SOUTH_AMERICA","Amazonas",1971,7,9,"1971-07-09",190,190,NA,"2024-01-25T12:00:17.090+00:00",NA,"http://creativecommons.org/licenses/by/4.0/legalcode",FALSE,"2423111","none","none","ab83e5ab-f4f7-4c9b-a1d5-eb779dfb9377",TRUE,"G. T. Prance",NA,"WGS84","Magnoliopsida","BR","none","none","LATIN_AMERICA","Brazil","LATIN_AMERICA","NY","14015","2423111",NA,"Rio Ituxi, vicinity of Bôca do Curuquetê","NY","2997365870","2423111","NY00406439","NY",NA,NA,NA,"Acioa edulis Prance","4b0d8edb-7504-42c4-9349-63e86c01bf97",NA,NA,NA,NA,NA,NA,"1971-07-09","Herbário Virtual REFLORA Disponível em: http://herbariovirtualreflora.jbrj.gov.br/reflora/herbarioVirtual/ConsultaPublicoHVUC/ConsultaPublicoHVUC.do?idTestemunho=2423111",NA,NA,NA,NA,NA,NA,NA,NA,NA,NA,NA,NA,NA,NA,"HOLOTYPE","b2190553-4505-4fdd-8fff-065c8ca26f72",NA,NA
"2997864904","Acioa edulis Prance",-8.316667,-65.683333,"cdc,cdround,gass84,iddativ,rdativ,colmafu,inmafu","a185d0c4-1a12-45c1-a729-2a7b058b528d","838537fc-4aeb-4980-8b58-97fbdcd1d91a","ecb15bdf-98de-4937-84f5-4f93ee9efc73","838537fc-4aeb-4980-8b58-97fbdcd1d91a","BR","EML","2023-11-22T02:20:25.911+00:00","2024-01-25T12:00:17.097+00:00",173,"PRESERVED_SPECIMEN","PRESENT",NA,2984895,6,7707728,220,1414,9111,2984893,2984895,2984895,"Acioa edulis Prance","Plantae","Tracheophyta","Malpighiales","Chrysobalanaceae","Acioa","Acioa edulis","Acioa","edulis","SPECIES","ACCEPTED","LC",NA,NA,NA,"SOUTH_AMERICA","Amazonas",1971,7,9,"1971-07-09",190,190,NA,"2024-01-25T12:00:17.097+00:00",NA,"http://creativecommons.org/licenses/by/4.0/legalcode",FALSE,"2423300","none","none","ab83e5ab-f4f7-4c9b-a1d5-eb779dfb9377",TRUE,"G. T. Prance",NA,"WGS84","Magnoliopsida","BR","none","none","LATIN_AMERICA","Brazil","LATIN_AMERICA","NY","14015","2423300",NA,"Rio Ituxi, vicinity of Bôca do Curuquetê","NY","2997864904","2423300","NY00428070","NY",NA,NA,NA,"Acioa edulis Prance","4b0d8edb-7504-42c4-9349-63e86c01bf97",NA,NA,NA,NA,NA,NA,"1971-07-09","Herbário Virtual REFLORA Disponível em: http://herbariovirtualreflora.jbrj.gov.br/reflora/herbarioVirtual/ConsultaPublicoHVUC/ConsultaPublicoHVUC.do?idTestemunho=2423300",NA,NA,NA,NA,NA,NA,NA,NA,NA,NA,NA,NA,NA,NA,"ISOTYPE","b2190553-4505-4fdd-8fff-065c8ca26f72",NA,NA
"2997881914","Acioa edulis Prance",-8.316667,-65.683333,"cdc,cdround,gass84,iddativ,rdativ,colmafu,inmafu","a185d0c4-1a12-45c1-a729-2a7b058b528d","838537fc-4aeb-4980-8b58-97fbdcd1d91a","ecb15bdf-98de-4937-84f5-4f93ee9efc73","838537fc-4aeb-4980-8b58-97fbdcd1d91a","BR","EML","2023-11-22T02:20:25.911+00:00","2024-01-25T12:00:17.143+00:00",173,"PRESERVED_SPECIMEN","PRESENT",NA,2984895,6,7707728,220,1414,9111,2984893,2984895,2984895,"Acioa edulis Prance","Plantae","Tracheophyta","Malpighiales","Chrysobalanaceae","Acioa","Acioa edulis","Acioa","edulis","SPECIES","ACCEPTED","LC",NA,NA,NA,"SOUTH_AMERICA","Amazonas",1971,7,9,"1971-07-09",190,190,NA,"2024-01-25T12:00:17.143+00:00",NA,"http://creativecommons.org/licenses/by/4.0/legalcode",FALSE,"2423301","none","none","ab83e5ab-f4f7-4c9b-a1d5-eb779dfb9377",TRUE,"G. T. Prance",NA,"WGS84","Magnoliopsida","BR","none","none","LATIN_AMERICA","Brazil","LATIN_AMERICA","NY","14015","2423301",NA,"Rio Ituxi, vicinity of Bôca do Curuquetê","NY","2997881914","2423301","NY00428071","NY",NA,NA,NA,"Acioa edulis Prance","4b0d8edb-7504-42c4-9349-63e86c01bf97",NA,NA,NA,NA,NA,NA,"1971-07-09","Herbário Virtual REFLORA Disponível em: http://herbariovirtualreflora.jbrj.gov.br/reflora/herbarioVirtual/ConsultaPublicoHVUC/ConsultaPublicoHVUC.do?idTestemunho=2423301",NA,NA,NA,NA,NA,NA,NA,NA,NA,NA,NA,NA,NA,NA,"HOLOTYPE","b2190553-4505-4fdd-8fff-065c8ca26f72",NA,NA
"1928341812","Acioa edulis Prance",-8.3167,-65.6833,"mdativ","d415c253-4d61-4459-9d25-4015b9084fb0","ae447c50-b8a8-11d8-92a4-b8a03c50a862","17017c2c-036b-45d9-b045-606d21b00771","ae447c50-b8a8-11d8-92a4-b8a03c50a862","US","EML","2024-11-25T05:09:24.797+00:00","2024-11-25T08:02:01.594+00:00",437,"PRESERVED_SPECIMEN","PRESENT",NA,2984895,6,7707728,220,1414,9111,2984893,2984895,2984895,"Acioa edulis Prance","Plantae","Tracheophyta","Malpighiales","Chrysobalanaceae","Acioa","Acioa edulis","Acioa","edulis","SPECIES","ACCEPTED","LC",NA,NA,NA,"SOUTH_AMERICA","Amazonas",1971,7,9,"1971-07-09",190,190,NA,"2024-11-25T08:02:01.594+00:00","http://sweetgum.nybg.org/science/vh/specimen_details.php?irn=44364","http://creativecommons.org/publicdomain/zero/1.0/legalcode",FALSE,"287a0b33-9b12-470e-a20d-0d7b72630662","none","none","ab83e5ab-f4f7-4c9b-a1d5-eb779dfb9377",TRUE,"G. T. Prance",NA,"WGS84","Magnoliopsida","BR","none","none","LATIN_AMERICA","Brazil","NORTH_AMERICA","The New York Botanical Garden","14015","287a0b33-9b12-470e-a20d-0d7b72630662",NA,"Rio Ituxi, vicinity of Bôca do Curuquetê","NY","1928341812","287a0b33-9b12-470e-a20d-0d7b72630662","406436","NY",NA,NA,"http://biocol.org/urn:lsid:biocol.org:col:15556","Acioa edulis Prance",NA,NA,"Vascular plants","http://biocol.org/urn:lsid:biocol.org:col:15556","en","PhysicalObject",NA,"09 Jul 1971",NA,NA,"sheet",NA,NA,"ICN","gazetteer",NA,NA,NA,NA,NA,NA,NA,NA,"ISOTYPE","b2190553-4505-4fdd-8fff-065c8ca26f72","Forest on terra firma",NA
"1928466191","Acioa edulis Prance",-8.3167,-65.6833,"mdativ","d415c253-4d61-4459-9d25-4015b9084fb0","ae447c50-b8a8-11d8-92a4-b8a03c50a862","17017c2c-036b-45d9-b045-606d21b00771","ae447c50-b8a8-11d8-92a4-b8a03c50a862","US","EML","2024-11-25T05:09:24.797+00:00","2024-11-25T08:02:03.759+00:00",437,"PRESERVED_SPECIMEN","PRESENT",NA,2984895,6,7707728,220,1414,9111,2984893,2984895,2984895,"Acioa edulis Prance","Plantae","Tracheophyta","Malpighiales","Chrysobalanaceae","Acioa","Acioa edulis","Acioa","edulis","SPECIES","ACCEPTED","LC",NA,NA,NA,"SOUTH_AMERICA","Amazonas",1971,7,9,"1971-07-09",190,190,NA,"2024-11-25T08:02:03.759+00:00","http://sweetgum.nybg.org/science/vh/specimen_details.php?irn=44370","http://creativecommons.org/publicdomain/zero/1.0/legalcode",FALSE,"3162f64b-bc3e-46f9-abe7-81957b7e449f","none","none","ab83e5ab-f4f7-4c9b-a1d5-eb779dfb9377",TRUE,"G. T. Prance",NA,"WGS84","Magnoliopsida","BR","none","none","LATIN_AMERICA","Brazil","NORTH_AMERICA","The New York Botanical Garden","14015","3162f64b-bc3e-46f9-abe7-81957b7e449f",NA,"Rio Ituxi, vicinity of Bôca do Curuquetê","NY","1928466191","3162f64b-bc3e-46f9-abe7-81957b7e449f","428070","NY",NA,NA,"http://biocol.org/urn:lsid:biocol.org:col:15556","Acioa edulis Prance",NA,NA,"Vascular plants","http://biocol.org/urn:lsid:biocol.org:col:15556","en","PhysicalObject",NA,"09 Jul 1971",NA,NA,"separate fruit",NA,NA,"ICN","gazetteer",NA,NA,NA,NA,NA,NA,NA,NA,"ISOTYPE","b2190553-4505-4fdd-8fff-065c8ca26f72","Forest on terra firma",NA
"1928891738","Acioa edulis Prance",-8.3167,-65.6833,"mdativ","d415c253-4d61-4459-9d25-4015b9084fb0","ae447c50-b8a8-11d8-92a4-b8a03c50a862","17017c2c-036b-45d9-b045-606d21b00771","ae447c50-b8a8-11d8-92a4-b8a03c50a862","US","EML","2024-11-25T05:09:24.797+00:00","2024-11-25T08:03:11.571+00:00",437,"PRESERVED_SPECIMEN","PRESENT",NA,2984895,6,7707728,220,1414,9111,2984893,2984895,2984895,"Acioa edulis Prance","Plantae","Tracheophyta","Malpighiales","Chrysobalanaceae","Acioa","Acioa edulis","Acioa","edulis","SPECIES","ACCEPTED","LC",NA,NA,NA,"SOUTH_AMERICA","Amazonas",1971,7,9,"1971-07-09",190,190,NA,"2024-11-25T08:03:11.571+00:00","http://sweetgum.nybg.org/science/vh/specimen_details.php?irn=44365","http://creativecommons.org/publicdomain/zero/1.0/legalcode",FALSE,"4f74c4a7-2224-4736-92ce-8198aa44017a","none","none","ab83e5ab-f4f7-4c9b-a1d5-eb779dfb9377",TRUE,"G. T. Prance",NA,"WGS84","Magnoliopsida","BR","none","none","LATIN_AMERICA","Brazil","NORTH_AMERICA","The New York Botanical Garden","14015","4f74c4a7-2224-4736-92ce-8198aa44017a",NA,"Rio Ituxi, vicinity of Bôca do Curuquetê","NY","1928891738","4f74c4a7-2224-4736-92ce-8198aa44017a","406437","NY",NA,NA,"http://biocol.org/urn:lsid:biocol.org:col:15556","Acioa edulis Prance",NA,NA,"Vascular plants","http://biocol.org/urn:lsid:biocol.org:col:15556","en","PhysicalObject",NA,"09 Jul 1971",NA,NA,"sheet",NA,NA,"ICN","gazetteer",NA,NA,NA,NA,NA,NA,NA,NA,"ISOTYPE","b2190553-4505-4fdd-8fff-065c8ca26f72","Forest on terra firma",NA
"1929496019","Acioa edulis Prance",-8.3167,-65.6833,"mdativ","d415c253-4d61-4459-9d25-4015b9084fb0","ae447c50-b8a8-11d8-92a4-b8a03c50a862","17017c2c-036b-45d9-b045-606d21b00771","ae447c50-b8a8-11d8-92a4-b8a03c50a862","US","EML","2024-11-25T05:09:24.797+00:00","2024-11-25T08:02:18.080+00:00",437,"PRESERVED_SPECIMEN","PRESENT",NA,2984895,6,7707728,220,1414,9111,2984893,2984895,2984895,"Acioa edulis Prance","Plantae","Tracheophyta","Malpighiales","Chrysobalanaceae","Acioa","Acioa edulis","Acioa","edulis","SPECIES","ACCEPTED","LC",NA,NA,NA,"SOUTH_AMERICA","Amazonas",1971,7,9,"1971-07-09",190,190,NA,"2024-11-25T08:02:18.080+00:00","http://sweetgum.nybg.org/science/vh/specimen_details.php?irn=44367","http://creativecommons.org/publicdomain/zero/1.0/legalcode",FALSE,"7a4fc93c-2a2a-453e-aed0-dfe9b152a91f","none","none","ab83e5ab-f4f7-4c9b-a1d5-eb779dfb9377",TRUE,"G. T. Prance",NA,"WGS84","Magnoliopsida","BR","none","none","LATIN_AMERICA","Brazil","NORTH_AMERICA","The New York Botanical Garden","14015","7a4fc93c-2a2a-453e-aed0-dfe9b152a91f",NA,"Rio Ituxi, vicinity of Bôca do Curuquetê","NY","1929496019","7a4fc93c-2a2a-453e-aed0-dfe9b152a91f","406439","NY",NA,NA,"http://biocol.org/urn:lsid:biocol.org:col:15556","Acioa edulis Prance",NA,NA,"Vascular plants","http://biocol.org/urn:lsid:biocol.org:col:15556","en","PhysicalObject",NA,"09 Jul 1971",NA,NA,"sheet",NA,NA,"ICN","gazetteer",NA,NA,NA,NA,NA,NA,NA,NA,"HOLOTYPE","b2190553-4505-4fdd-8fff-065c8ca26f72","Forest on terra firma",NA
"1929522429","Acioa edulis Prance",-8.3167,-65.6833,"mdativ","d415c253-4d61-4459-9d25-4015b9084fb0","ae447c50-b8a8-11d8-92a4-b8a03c50a862","17017c2c-036b-45d9-b045-606d21b00771","ae447c50-b8a8-11d8-92a4-b8a03c50a862","US","EML","2024-11-25T05:09:24.797+00:00","2024-11-25T08:02:25.089+00:00",437,"PRESERVED_SPECIMEN","PRESENT",NA,2984895,6,7707728,220,1414,9111,2984893,2984895,2984895,"Acioa edulis Prance","Plantae","Tracheophyta","Malpighiales","Chrysobalanaceae","Acioa","Acioa edulis","Acioa","edulis","SPECIES","ACCEPTED","LC",NA,NA,NA,"SOUTH_AMERICA","Amazonas",1971,7,9,"1971-07-09",190,190,NA,"2024-11-25T08:02:25.089+00:00","http://sweetgum.nybg.org/science/vh/specimen_details.php?irn=44366","http://creativecommons.org/publicdomain/zero/1.0/legalcode",FALSE,"7c1ee9c6-2e56-4969-9931-d2c8cbfadd04","none","none","ab83e5ab-f4f7-4c9b-a1d5-eb779dfb9377",TRUE,"G. T. Prance",NA,"WGS84","Magnoliopsida","BR","none","none","LATIN_AMERICA","Brazil","NORTH_AMERICA","The New York Botanical Garden","14015","7c1ee9c6-2e56-4969-9931-d2c8cbfadd04",NA,"Rio Ituxi, vicinity of Bôca do Curuquetê","NY","1929522429","7c1ee9c6-2e56-4969-9931-d2c8cbfadd04","406438","NY",NA,NA,"http://biocol.org/urn:lsid:biocol.org:col:15556","Acioa edulis Prance",NA,NA,"Vascular plants","http://biocol.org/urn:lsid:biocol.org:col:15556","en","PhysicalObject",NA,"09 Jul 1971",NA,NA,"sheet",NA,NA,"ICN","gazetteer",NA,NA,NA,NA,NA,NA,NA,NA,"ISOTYPE","b2190553-4505-4fdd-8fff-065c8ca26f72","Forest on terra firma",NA
"1228446414","Acioa edulis Prance",-5,-63,"gass84,ambcol,inmafu","90c853e6-56bd-480b-8e8f-6285c3f8d42b","7b8aff00-a9f8-11d8-944b-b8a03c50a862","3b84ff5b-79ce-427c-acb7-b4004e160f66","7b8aff00-a9f8-11d8-944b-b8a03c50a862","US","EML","2023-09-22T16:42:30.311+00:00","2024-01-25T10:59:54.371+00:00",313,"PRESERVED_SPECIMEN","PRESENT",NA,2984895,6,7707728,220,1414,9111,2984893,2984895,2984895,"Acioa edulis Prance","Plantae","Tracheophyta","Malpighiales","Chrysobalanaceae","Acioa","Acioa edulis","Acioa","edulis","SPECIES","ACCEPTED","LC","1972-01-01T00:00:00",NA,NA,"SOUTH_AMERICA","Amazonas",1971,7,9,"1971-07-09",190,190,"2021-03-19T20:06:00.000+00:00","2024-01-25T10:59:54.371+00:00",NA,"http://creativecommons.org/publicdomain/zero/1.0/legalcode",FALSE,"b544a34b-73c2-4556-9017-581e6ad9eadf","none","none","689b4219-8256-4c6e-890b-2e81405d4c58",TRUE,"G. T. Prance et al.","G. T. Prance","WGS84","Magnoliopsida","BR","none","none","LATIN_AMERICA","Brazil","NORTH_AMERICA","The Field Museum of Natural History","14015","b544a34b-73c2-4556-9017-581e6ad9eadf",NA,"Amazonas","Botany","1228446414","b544a34b-73c2-4556-9017-581e6ad9eadf","V0360823F","F","F",NA,"Botany","Acioa edulis Prance",NA,"Plantae Spermatophyta Dicotyledoneae Chrysobalanaceae","seeds-22-sep-2023","F",NA,NA,NA,NA,NA,"South America, Brazil, Amazonas. [LL]",NA,NA,NA,"ICBN","TGN - Centroid",NA,"207573","945bc7f7-f773-4410-8f63-dbf8bf61a8a0","http://fieldmuseum.org/about/copyright-information","Getty Thesaurus of Geographic Names (TGN)",NA,NA,NA,"ISOTYPE",NA,NA,NA
"1930774422","Acioa edulis Prance",-8.3167,-65.6833,"mdativ","d415c253-4d61-4459-9d25-4015b9084fb0","ae447c50-b8a8-11d8-92a4-b8a03c50a862","17017c2c-036b-45d9-b045-606d21b00771","ae447c50-b8a8-11d8-92a4-b8a03c50a862","US","EML","2024-11-25T05:09:24.797+00:00","2024-11-25T08:03:38.432+00:00",437,"PRESERVED_SPECIMEN","PRESENT",NA,2984895,6,7707728,220,1414,9111,2984893,2984895,2984895,"Acioa edulis Prance","Plantae","Tracheophyta","Malpighiales","Chrysobalanaceae","Acioa","Acioa edulis","Acioa","edulis","SPECIES","ACCEPTED","LC",NA,NA,NA,"SOUTH_AMERICA","Amazonas",1971,7,9,"1971-07-09",190,190,NA,"2024-11-25T08:03:38.432+00:00","http://sweetgum.nybg.org/science/vh/specimen_details.php?irn=44371","http://creativecommons.org/publicdomain/zero/1.0/legalcode",FALSE,"d4c071ad-9bdc-45a7-9d54-021fd481e51f","none","none","ab83e5ab-f4f7-4c9b-a1d5-eb779dfb9377",TRUE,"G. T. Prance",NA,"WGS84","Magnoliopsida","BR","none","none","LATIN_AMERICA","Brazil","NORTH_AMERICA","The New York Botanical Garden","14015","d4c071ad-9bdc-45a7-9d54-021fd481e51f",NA,"Rio Ituxi, vicinity of Bôca do Curuquetê","NY","1930774422","d4c071ad-9bdc-45a7-9d54-021fd481e51f","428071","NY",NA,NA,"http://biocol.org/urn:lsid:biocol.org:col:15556","Acioa edulis Prance",NA,NA,"Vascular plants","http://biocol.org/urn:lsid:biocol.org:col:15556","en","PhysicalObject",NA,"09 Jul 1971",NA,NA,"separate fruit",NA,NA,"ICN","gazetteer",NA,NA,NA,NA,NA,NA,NA,NA,"HOLOTYPE","b2190553-4505-4fdd-8fff-065c8ca26f72","Forest on terra firma",NA
